blink_rate,gaze_center,head_angle,face_detected,typing_speed,mouse_movement,mouse_click_rate,idle_time,focus_score,productivity_score,cognitive_load
0.0,1,0.12568485736846924,1,0.0,5.4,0.0,0.4988439083099365,90,50,Low
0.0,1,0.12444806098937988,1,0.0,0.0,0.0,0.5554602146148682,80,40,Low
0.0,1,0.12489008903503418,1,0.0,0.0,0.0,0.6439812183380127,80,40,Low
0.0,1,0.12335354089736938,1,0.0,0.0,0.0,0.763512134552002,80,40,Low
0.0,1,0.12455993890762329,1,0.0,0.0,0.0,0.8457009792327881,80,40,Low
0.0,1,0.12443354725837708,1,0.0,0.0,0.0,0.9107058048248291,80,40,Low
0.0,1,0.12435543537139893,1,0.0,4.0,0.0,0.0020008087158203125,90,49,Low
0.0,1,0.12345358729362488,1,0.0,6.2,0.0,0.0020055770874023438,90,51,Low
0.0,1,0.12394678592681885,1,0.0,6.0,0.0,0.0019979476928710938,90,51,Low
0.0,1,0.12252721190452576,1,0.0,4.0,0.0,0.002992391586303711,90,49,Low
0.0,1,0.12557464838027954,1,0.0,6.2,0.0,0.0020096302032470703,90,51,Low
0.0,1,0.12068727612495422,1,0.0,8.0,0.0,0.006006479263305664,90,53,Low
0.0,1,0.12150028347969055,1,0.0,1.6,0.0,0.015392303466796875,90,46,Low
0.0,1,0.12352368235588074,1,0.0,1.0,0.0,0.027803897857666016,90,46,Low
0.0,1,0.12388280034065247,1,0.0,0.2,0.0,0.013002395629882812,80,40,Low
0.0,1,0.12491366267204285,1,0.0,1.8,0.0,0.0020017623901367188,90,46,Low
0.0,1,0.1243835985660553,1,0.0,1.8,0.0,0.02760457992553711,90,46,Low
0.0,1,0.12448051571846008,1,0.0,0.2,0.0,0.07497811317443848,80,40,Low
0.0,1,0.12395396828651428,1,0.0,0.0,0.0,0.15454387664794922,80,40,Low
0.0,1,0.1250489354133606,1,0.0,0.0,0.0,0.27804040908813477,80,40,Low
0.0,1,0.12700462341308594,1,0.0,0.0,0.0,0.37302422523498535,80,40,Low
0.0,1,0.12394538521766663,1,0.0,0.0,0.0,0.4507732391357422,80,40,Low
0.0,1,0.12387067079544067,1,0.0,14.2,0.0,0.0,90,59,Low
0.0,1,0.12430334091186523,1,0.0,22.8,0.0,0.0010001659393310547,90,65,Low
0.0,1,0.12387901544570923,1,0.0,16.0,0.0,0.001995086669921875,90,61,Low
0.0,1,0.12353438138961792,1,0.0,12.6,0.0,0.002000093460083008,90,57,Low
0.0,1,0.12442734837532043,1,0.0,15.0,0.0,0.0,90,60,Low
0.0,1,0.1255461871623993,1,0.0,19.8,0.0,0.004002571105957031,90,64,Low
0.0,1,0.12494474649429321,1,0.0,1.8,0.0,0.01299738883972168,90,46,Low
0.0,1,0.12386137247085571,1,0.0,0.0,0.0,0.10870075225830078,80,40,Low
0.0,1,0.12431767582893372,1,0.0,4.0,0.0,0.009006500244140625,90,49,Low
0.0,1,0.12303441762924194,1,0.0,2.4,0.0,0.0020008087158203125,90,47,Low
0.0,1,0.12271317839622498,1,0.0,4.6,0.0,0.007993221282958984,90,49,Low
0.0,1,0.12532126903533936,1,0.0,0.0,0.0,0.09949612617492676,80,40,Low
0.0,1,0.124478280544281,1,0.0,0.0,0.2,0.09633708000183105,80,40,Low
0.0,1,0.12346154451370239,1,0.0,0.0,0.0,0.20794034004211426,80,40,Low
0.0,1,0.12550252676010132,1,0.0,0.0,0.0,0.30094480514526367,80,40,Low
0.0,1,0.12506645917892456,1,0.0,0.0,0.0,0.39388537406921387,80,40,Low
0.0,1,0.12495848536491394,1,0.0,1.2,0.0,0.002000570297241211,90,46,Low
0.0,1,0.1242874264717102,1,0.0,8.8,0.0,0.0010080337524414062,90,53,Low
0.0,1,0.12434378266334534,1,0.0,10.6,0.0,0.002999544143676758,90,55,Low
0.0,1,0.1236748993396759,1,0.0,10.6,0.0,0.0019998550415039062,90,55,Low
0.0,1,0.12543079257011414,1,0.0,4.6,0.0,0.0030024051666259766,90,49,Low
0.0,1,0.12312176823616028,1,0.0,5.6,0.0,0.027232646942138672,90,50,Low
0.0,1,0.12470817565917969,1,0.0,0.2,0.2,0.004994392395019531,80,40,Low
0.0,1,0.12236323952674866,1,0.0,0.0,0.0,0.10152101516723633,80,40,Low
0.0,1,0.12482738494873047,1,0.0,0.0,0.0,0.20906972885131836,80,40,Low
0.0,1,0.12429457902908325,1,0.0,0.0,0.0,0.31852197647094727,80,40,Low
0.0,1,0.12219753861427307,1,0.0,0.0,0.0,0.4129965305328369,80,40,Low
0.0,1,0.12166938185691833,1,0.0,2.8,0.0,0.0019953250885009766,90,47,Low
0.0,1,0.1229424774646759,1,0.0,17.8,0.0,0.0010073184967041016,90,62,Low
0.0,1,0.12519779801368713,1,0.0,16.4,0.0,0.0019986629486083984,90,61,Low
0.0,1,0.12468266487121582,1,0.0,17.0,0.0,0.000997781753540039,90,62,Low
0.0,1,0.12477827072143555,1,0.0,12.8,0.0,0.004000663757324219,90,57,Low
0.0,1,0.12211346626281738,1,0.0,16.2,0.0,0.0019979476928710938,90,61,Low
0.0,1,0.12222406268119812,1,0.0,8.8,0.0,0.0,90,53,Low
0.0,1,0.12386208772659302,1,0.0,10.8,0.0,0.0010075569152832031,90,55,Low
0.0,1,0.12306001782417297,1,0.0,16.2,0.0,0.0010020732879638672,90,61,Low
0.0,1,0.12418648600578308,1,0.0,10.0,0.0,0.0,90,55,Low
0.0,1,0.12407079339027405,1,0.0,12.2,0.0,0.002004861831665039,90,57,Low
0.0,1,0.12446844577789307,1,0.0,6.6,0.0,0.008001327514648438,90,51,Low
0.0,1,0.12212097644805908,1,0.0,0.4,0.0,0.09097003936767578,80,40,Low
0.0,1,0.12239497900009155,1,0.0,0.0,0.0,0.18657851219177246,80,40,Low
0.0,1,0.12348607182502747,1,0.0,0.0,0.0,0.2812047004699707,80,40,Low
0.0,1,0.1251097321510315,1,0.0,0.0,0.0,0.39113450050354004,80,40,Low
0.0,1,0.11915063858032227,1,0.0,0.0,0.0,0.484342098236084,80,40,Low
0.0,1,0.12317761778831482,1,0.0,0.0,0.0,0.580284833908081,80,40,Low
0.0,1,0.12302953004837036,1,0.0,0.0,0.0,0.6881966590881348,80,40,Low
0.0,1,0.12572050094604492,1,0.0,0.0,0.0,0.7973906993865967,80,40,Low
0.0,1,0.12576225399971008,1,0.0,0.0,0.0,0.8905866146087646,80,40,Low
0.0,1,0.12777012586593628,1,0.0,0.0,0.0,0.9847900867462158,80,40,Low
0.0,1,0.13282719254493713,1,0.0,0.0,0.0,1.0960173606872559,80,40,Low
0.0,1,0.1355179250240326,1,0.0,1.6,0.0,0.0019958019256591797,90,46,Low
1.0,1,0.13623517751693726,1,0.0,4.6,0.0,0.04933333396911621,75,42,Low
0.0,1,0.14649003744125366,1,0.0,0.0,0.0,0.14477825164794922,80,40,Low
0.0,0,0.15166643261909485,1,0.0,0.0,0.0,0.2531149387359619,40,20,High
0.0,0,0.15314996242523193,1,0.0,0.0,0.0,0.34612488746643066,40,20,High
0.0,0,0.15669173002243042,1,0.0,0.0,0.0,0.43723225593566895,40,20,High
0.0,0,0.1509110927581787,1,0.0,0.0,0.0,0.5153419971466064,40,20,High
0.0,0,0.1586610972881317,1,0.0,0.0,0.0,0.6565103530883789,40,20,High
0.0,0,0.1608009934425354,1,0.0,0.0,0.0,0.7518825531005859,40,20,High
0.0,0,0.16177207231521606,1,0.0,0.0,0.0,0.8441503047943115,40,20,High
0.0,0,0.16249877214431763,1,0.0,0.0,0.0,0.9220829010009766,40,20,High
0.0,0,0.15863436460494995,1,0.0,0.0,0.0,1.0456762313842773,40,20,High
0.0,0,0.1599368453025818,1,0.0,0.0,0.0,1.1393322944641113,40,20,High
0.0,0,0.1631861925125122,1,0.0,0.0,0.0,1.234699010848999,40,20,High
0.0,0,0.16440296173095703,1,0.0,0.0,0.0,1.3292198181152344,40,20,High
0.0,0,0.16429442167282104,1,0.0,0.0,0.0,1.452315330505371,40,20,High
0.0,0,0.1626090407371521,1,0.0,0.0,0.0,1.5456044673919678,40,20,High
0.0,0,0.16073650121688843,1,0.0,0.0,0.0,1.6244893074035645,40,20,High
0.0,0,0.1627107858657837,1,0.0,0.0,0.0,1.7177402973175049,40,20,High
1.0,0,0.15738782286643982,1,0.0,0.0,0.0,1.857543706893921,25,12,High
0.0,0,0.15919557213783264,1,0.0,0.0,0.0,1.952664852142334,40,20,High
0.0,0,0.16110312938690186,1,0.0,0.0,0.0,2.0640251636505127,40,20,High
0.0,0,0.16189688444137573,1,0.0,0.0,0.0,2.1251020431518555,40,20,High
0.0,0,0.1625928282737732,1,0.0,0.0,0.0,2.2516632080078125,40,20,High
0.0,0,0.16148146986961365,1,0.0,0.0,0.0,2.3143720626831055,40,20,High
1.0,0,0.15845173597335815,1,0.0,0.0,0.0,2.423098564147949,25,12,High
0.0,0,0.1621721386909485,1,0.0,0.0,0.0,2.51688814163208,40,20,High
0.0,0,0.1648343801498413,1,0.0,0.0,0.0,2.658224105834961,40,20,High
0.0,0,0.16480010747909546,1,0.0,0.0,0.0,2.734668254852295,40,20,High
1.0,0,0.16054734587669373,1,0.0,0.0,0.0,2.8286654949188232,25,12,High
0.0,0,0.16267633438110352,1,0.0,0.0,0.0,2.9227182865142822,40,20,High
0.0,0,0.16714683175086975,1,0.0,0.0,0.0,3.0320708751678467,40,10,High
0.0,0,0.16583818197250366,1,0.0,0.0,0.0,3.12430477142334,40,10,High
0.0,0,0.16560345888137817,1,0.0,0.0,0.0,3.2334418296813965,40,10,High
0.0,0,0.16076573729515076,1,0.0,0.0,0.0,3.3262431621551514,40,10,High
0.0,0,0.16317787766456604,1,0.0,0.0,0.0,3.4359073638916016,40,10,High
0.0,0,0.16478043794631958,1,0.0,0.0,0.0,3.5275206565856934,40,10,High
0.0,0,0.16225376725196838,1,0.0,0.0,0.0,3.6217830181121826,40,10,High
0.0,0,0.16400325298309326,1,0.0,0.0,0.0,3.7153515815734863,40,10,High
1.0,0,0.15348964929580688,1,0.0,0.0,0.0,3.8412439823150635,25,2,High
1.0,1,0.12686103582382202,1,0.0,0.0,0.0,3.9340012073516846,65,22,Medium
0.0,1,0.10543638467788696,1,0.0,0.0,0.0,4.028003454208374,80,30,Low
0.0,1,0.09955275058746338,1,0.0,0.0,0.0,4.137188911437988,80,30,Low
0.0,1,0.09954416751861572,1,0.0,0.0,0.0,4.23214316368103,80,30,Low
0.0,1,0.09643882513046265,1,0.0,0.0,0.0,4.324498653411865,80,30,Low
0.0,1,0.09253042936325073,1,0.0,0.0,0.0,4.431831359863281,80,30,Low
0.0,1,0.09256601333618164,1,0.0,0.0,0.0,4.542290449142456,80,30,Low
0.0,1,0.08917367458343506,1,0.0,0.0,0.0,4.637109279632568,80,30,Low
0.0,1,0.09298908710479736,1,0.0,0.0,0.0,4.731443166732788,80,30,Low
0.0,1,0.09034961462020874,1,0.0,0.0,0.0,4.841966152191162,80,30,Low
0.0,1,0.08928108215332031,1,0.0,0.0,0.0,4.935176849365234,80,30,Low
0.0,1,0.09351915121078491,1,0.0,0.0,0.0,5.029519557952881,50,5,Medium
0.0,1,0.08781987428665161,1,0.0,0.0,0.0,5.137146949768066,50,5,Medium
0.0,1,0.09026747941970825,1,0.0,0.0,0.0,5.24674129486084,50,5,Medium
0.0,1,0.08810275793075562,1,0.0,0.0,0.0,5.339312791824341,50,5,Medium
0.0,1,0.08587169647216797,1,0.0,0.0,0.0,5.4339258670806885,50,5,Medium
0.0,1,0.08930206298828125,1,0.0,0.0,0.0,5.5282721519470215,50,5,Medium
0.0,1,0.08594369888305664,1,0.0,0.0,0.0,5.636635780334473,50,5,Medium
0.0,1,0.08569008111953735,1,0.0,0.0,0.0,5.733448028564453,50,5,Medium
0.0,1,0.1134026050567627,1,0.0,0.0,0.0,5.826963424682617,50,5,Medium
0.0,1,0.14011138677597046,1,0.0,0.0,0.0,5.954267740249634,50,5,Medium
0.0,0,0.16259431838989258,1,0.0,0.0,0.0,6.046684503555298,10,0,High
0.0,0,0.1683228611946106,1,0.0,0.0,0.0,6.142398357391357,10,0,High
0.0,0,0.17333531379699707,1,0.0,0.0,0.0,6.23491644859314,10,0,High
0.0,0,0.16935893893241882,1,0.0,0.0,0.0,6.346444606781006,10,0,High
0.0,1,0.14011570811271667,1,0.0,0.0,0.0,6.436456680297852,50,5,Medium
0.0,1,0.11679345369338989,1,0.0,0.0,0.0,6.534127712249756,50,5,Medium
0.0,1,0.10371813178062439,1,0.0,0.0,0.0,6.657937049865723,50,5,Medium
0.0,1,0.09234637022018433,1,0.0,0.0,0.0,6.752131938934326,50,5,Medium
0.0,1,0.08766895532608032,1,0.0,0.0,0.0,6.846376180648804,50,5,Medium
0.0,1,0.08706104755401611,1,0.0,0.0,0.0,6.939426422119141,50,5,Medium
0.0,1,0.08363839983940125,1,0.0,0.0,0.0,7.044948577880859,50,5,Medium
0.0,1,0.08705154061317444,1,0.0,0.0,0.0,7.138215780258179,50,5,Medium
0.0,1,0.08725190162658691,1,0.0,0.0,0.0,7.24940824508667,50,5,Medium
0.0,1,0.08296900987625122,1,0.0,0.0,0.0,7.311860084533691,50,5,Medium
0.0,1,0.09064337611198425,1,0.0,0.0,0.0,7.45578145980835,50,5,Medium
0.0,1,0.12135720252990723,1,0.0,0.0,0.0,7.545946836471558,50,5,Medium
0.0,0,0.15042123198509216,1,0.0,0.0,0.0,7.63826584815979,10,0,High
0.0,0,0.1588401198387146,1,0.0,0.0,0.0,7.71755051612854,10,0,High
0.0,0,0.165304034948349,1,0.0,0.0,0.0,7.8573174476623535,10,0,High
0.0,0,0.1692712903022766,1,0.0,0.0,0.0,7.950112581253052,10,0,High
0.0,0,0.1727243959903717,1,0.0,0.0,0.0,8.028238534927368,10,0,High
0.0,0,0.17122596502304077,1,0.0,0.0,0.0,8.120220184326172,10,0,High
0.0,0,0.17152786254882812,1,0.0,0.0,0.0,8.247582197189331,10,0,High
0.0,0,0.17179417610168457,1,0.0,0.0,0.0,8.340839385986328,10,0,High
0.0,0,0.1689472794532776,1,0.0,0.0,0.0,8.418892621994019,10,0,High
0.0,0,0.16678929328918457,1,0.0,0.0,0.0,8.529782772064209,10,0,High
0.0,0,0.1646462082862854,1,0.0,0.0,0.0,8.651631116867065,10,0,High
0.0,0,0.16365331411361694,1,0.0,0.0,0.0,8.730955839157104,10,0,High
0.0,0,0.16247794032096863,1,0.0,0.0,0.0,8.82569432258606,10,0,High
0.0,0,0.16082319617271423,1,0.0,0.0,0.0,8.918237924575806,10,0,High
0.0,0,0.15767532587051392,1,0.0,0.0,0.0,9.044814586639404,10,0,High
0.0,0,0.1520870327949524,1,0.0,0.0,0.0,9.123301267623901,10,0,High
0.0,0,0.1533689796924591,1,0.0,6.2,0.0,0.0009927749633789062,50,31,Medium
0.0,0,0.150895893573761,1,0.0,7.2,0.0,0.005001068115234375,50,32,Medium
0.0,1,0.149336040019989,1,0.0,5.0,0.0,0.012035131454467773,90,50,Low
0.0,1,0.14924395084381104,1,0.0,4.0,0.0,0.001991748809814453,90,49,Low
0.0,1,0.14750808477401733,1,0.0,9.2,0.0,0.0010025501251220703,90,54,Low
0.0,1,0.14726009964942932,1,0.0,16.8,0.0,0.0009920597076416016,90,61,Low
0.0,1,0.14647644758224487,1,0.0,1.4,0.0,0.09509587287902832,90,46,Low
0.0,1,0.1449284851551056,1,0.0,2.4,0.0,0.0,90,47,Low
0.0,1,0.14346736669540405,1,0.0,15.0,0.0,0.00099945068359375,90,60,Low
0.0,1,0.14470037817955017,1,0.0,12.4,0.0,0.0,90,57,Low
0.0,1,0.1430278718471527,1,0.0,5.0,0.0,0.0010025501251220703,90,50,Low
0.0,1,0.14300933480262756,1,0.0,15.8,0.0,0.0,90,60,Low
0.0,1,0.1416621208190918,1,0.0,6.2,0.0,0.009004831314086914,90,51,Low
0.0,1,0.14070022106170654,1,0.0,0.0,0.0,0.10074067115783691,80,40,Low
0.0,1,0.13861596584320068,1,0.0,0.0,0.0,0.2230684757232666,80,40,Low
0.0,1,0.13956719636917114,1,0.0,0.0,0.0,0.3172440528869629,80,40,Low
0.0,1,0.14027336239814758,1,0.0,0.0,0.0,0.4117913246154785,80,40,Low
0.0,1,0.13945293426513672,1,0.0,0.2,0.0,0.06712079048156738,80,40,Low
0.0,1,0.14093121886253357,1,0.0,3.6,0.0,0.001997709274291992,90,48,Low
0.0,1,0.144137442111969,1,0.0,2.2,0.0,0.01400136947631836,90,47,Low
0.0,1,0.14300048351287842,1,0.0,1.4,0.0,0.0010004043579101562,90,46,Low
0.0,1,0.14603471755981445,1,0.0,4.2,0.0,0.022351741790771484,90,49,Low
0.0,1,0.1448008418083191,1,0.0,0.0,0.0,0.11426591873168945,80,40,Low
0.0,1,0.14688974618911743,1,0.0,0.0,0.0,0.21055078506469727,80,40,Low
0.0,1,0.14732062816619873,1,0.0,0.4,0.0,0.06848740577697754,80,40,Low
0.0,1,0.14967775344848633,1,0.0,0.0,0.0,0.1620173454284668,80,40,Low
0.0,1,0.14695072174072266,1,0.0,0.4,0.0,0.020255327224731445,80,40,Low
0.0,1,0.14689964056015015,1,0.0,0.4,0.0,0.07057023048400879,80,40,Low
0.0,1,0.14722108840942383,1,0.0,0.0,0.0,0.19701480865478516,80,40,Low
0.0,1,0.14663514494895935,1,0.0,0.0,0.0,0.29010868072509766,80,40,Low
0.0,1,0.14504191279411316,1,0.0,0.0,0.0,0.38462376594543457,80,40,Low
0.0,1,0.1475822627544403,1,0.0,0.0,0.0,0.49382758140563965,80,40,Low
0.0,1,0.14634472131729126,1,0.0,0.0,0.0,0.5854392051696777,80,40,Low
0.0,1,0.14659035205841064,1,0.0,0.0,0.0,0.6802229881286621,80,40,Low
0.0,1,0.14670678973197937,1,0.0,9.2,0.0,0.0010013580322265625,90,54,Low
0.0,1,0.14827629923820496,1,0.0,18.2,0.0,0.0009982585906982422,90,63,Low
0.0,1,0.14820188283920288,1,0.0,1.4,0.0,0.0715947151184082,90,46,Low
0.0,1,0.14890515804290771,1,0.0,0.2,0.0,0.05651712417602539,80,40,Low
0.0,1,0.14703020453453064,1,0.0,0.0,0.0,0.1618633270263672,80,40,Low
0.0,1,0.1491873562335968,1,0.0,0.0,0.0,0.25577449798583984,80,40,Low
0.0,1,0.14840954542160034,1,0.0,0.0,0.0,0.3633570671081543,80,40,Low
0.0,1,0.1463564932346344,1,0.0,0.8,0.0,0.024028778076171875,80,40,Low
0.0,1,0.14751046895980835,1,0.0,0.4,0.0,0.0856626033782959,80,40,Low
0.0,1,0.14807280898094177,1,0.0,0.0,0.0,0.1795806884765625,80,40,Low
0.0,1,0.14838576316833496,1,0.0,1.0,0.0,0.009999990463256836,90,46,Low
0.0,1,0.14905878901481628,1,0.0,2.2,0.0,0.0030088424682617188,90,47,Low
0.0,1,0.14775365591049194,1,0.0,1.6,0.0,0.056581974029541016,90,46,Low
0.0,1,0.14517119526863098,1,0.0,14.0,0.0,0.0010097026824951172,90,59,Low
0.0,1,0.1445096731185913,1,0.0,18.8,0.0,0.0009987354278564453,90,63,Low
0.0,1,0.145944744348526,1,0.0,11.6,0.0,0.0009975433349609375,90,56,Low
0.0,1,0.1456921398639679,1,0.0,22.4,0.0,0.0,90,65,Low
0.0,1,0.14570197463035583,1,0.0,17.4,0.0,0.0,90,62,Low
0.0,1,0.14733821153640747,1,0.0,14.8,0.0,0.0029990673065185547,90,59,Low
0.0,1,0.14831867814064026,1,0.0,1.0,0.0,0.055986642837524414,90,46,Low
0.0,1,0.14721405506134033,1,0.0,0.0,0.2,0.10952305793762207,80,40,Low
0.0,1,0.14910447597503662,1,0.0,2.0,0.0,0.001995086669921875,90,47,Low
0.0,1,0.14803814888000488,1,0.0,13.4,0.0,0.0010004043579101562,90,58,Low
0.0,1,0.14951485395431519,1,0.0,11.4,0.0,0.0019893646240234375,90,56,Low
0.0,1,0.1481761932373047,1,0.0,19.4,0.0,0.0009989738464355469,90,64,Low
0.0,1,0.14753159880638123,1,0.0,11.6,0.0,0.0,90,56,Low
0.0,1,0.14808785915374756,1,0.0,14.0,0.0,0.0009958744049072266,90,59,Low
0.0,1,0.14890509843826294,1,0.0,5.6,0.0,0.011001348495483398,90,50,Low
0.0,1,0.14771747589111328,1,0.0,0.4,0.2,0.07905387878417969,80,40,Low
0.0,0,0.15036964416503906,1,0.0,0.0,0.0,0.1566145420074463,40,20,High
0.0,1,0.14682269096374512,1,0.0,0.0,0.0,0.2511305809020996,80,40,Low
0.0,1,0.14661386609077454,1,0.0,0.0,0.0,0.3458974361419678,80,40,Low
0.0,1,0.14092954993247986,1,0.0,0.2,0.0,0.003007650375366211,80,40,Low
1.0,1,0.14377883076667786,1,0.0,0.2,0.0,0.015812397003173828,65,32,Medium
1.0,1,0.14322718977928162,1,0.0,0.0,0.0,0.10859441757202148,65,32,Medium
1.0,1,0.14058667421340942,1,0.0,0.0,0.0,0.20203161239624023,65,32,Medium
1.0,1,0.14222484827041626,1,0.0,0.0,0.0,0.31035470962524414,65,32,Medium
1.0,1,0.14427024126052856,1,0.0,0.0,0.0,0.4196796417236328,65,32,Medium
1.0,1,0.1464301347732544,1,0.0,0.0,0.0,0.5132014751434326,65,32,Medium
1.0,1,0.14643901586532593,1,0.0,0.0,0.0,0.6082911491394043,65,32,Medium
1.0,1,0.1454351842403412,1,0.2,0.0,0.0,0.005996227264404297,65,32,Medium
0.0,1,0.1445251703262329,1,0.2,0.0,0.0,0.006003141403198242,80,40,Low
0.0,1,0.14692345261573792,1,0.2,0.0,0.0,0.03419351577758789,80,40,Low
1.0,1,0.14437317848205566,1,0.0,0.0,0.0,0.1307227611541748,65,32,Medium
1.0,1,0.14341410994529724,1,0.2,0.0,0.0,0.04592704772949219,65,32,Medium
1.0,1,0.14327791333198547,1,0.2,0.0,0.0,0.07679057121276855,65,32,Medium
1.0,1,0.1430114507675171,1,0.2,0.0,0.0,0.04273843765258789,65,32,Medium
0.0,1,0.1459750235080719,1,0.2,0.0,0.0,0.03201127052307129,80,40,Low
1.0,1,0.14152538776397705,1,0.2,0.0,0.0,0.04654836654663086,65,32,Medium
1.0,1,0.14286351203918457,1,0.0,0.0,0.0,0.13916468620300293,65,32,Medium
1.0,1,0.14465537667274475,1,0.4,0.0,0.0,0.008001089096069336,65,33,Medium
1.0,1,0.14444559812545776,1,0.0,0.0,0.0,0.08952069282531738,65,32,Medium
1.0,1,0.14366623759269714,1,0.2,0.0,0.0,0.0060007572174072266,65,32,Medium
1.0,1,0.14239299297332764,1,0.0,0.0,0.0,0.09740066528320312,65,32,Medium
0.0,1,0.14100539684295654,1,0.2,0.0,0.0,0.04749441146850586,80,40,Low
0.0,1,0.14413386583328247,1,0.0,0.0,0.0,0.15690875053405762,80,40,Low
0.0,1,0.14456790685653687,1,0.2,0.0,0.0,0.06049537658691406,80,40,Low
0.0,1,0.1457182765007019,1,0.2,0.0,0.0,0.0511782169342041,80,40,Low
0.0,1,0.14414814114570618,1,0.2,0.0,0.0,0.048570871353149414,80,40,Low
0.0,1,0.14505577087402344,1,0.4,0.0,0.0,0.04579305648803711,80,40,Low
0.0,1,0.14552107453346252,1,0.2,0.0,0.0,0.03527522087097168,80,40,Low
0.0,1,0.14545860886573792,1,0.0,0.0,0.0,0.12965106964111328,80,40,Low
0.0,1,0.14539861679077148,1,0.0,0.0,0.0,0.23672199249267578,80,40,Low
0.0,1,0.1445075273513794,1,0.0,0.0,0.0,0.3321263790130615,80,40,Low
0.0,1,0.14414191246032715,1,0.0,0.0,0.0,0.4260249137878418,80,40,Low
0.0,1,0.14242422580718994,1,0.0,0.0,0.0,0.5351290702819824,80,40,Low
0.0,1,0.1475856900215149,1,0.2,0.0,0.0,0.07237601280212402,80,40,Low
0.0,1,0.1460457444190979,1,0.2,0.0,0.0,0.018845081329345703,80,40,Low
0.0,1,0.14511603116989136,1,0.0,0.0,0.0,0.11181855201721191,80,40,Low
0.0,1,0.14481112360954285,1,0.2,0.0,0.0,0.05249953269958496,80,40,Low
0.0,1,0.14363053441047668,1,0.0,0.0,0.0,0.1472163200378418,80,40,Low
0.0,1,0.1452431082725525,1,0.0,0.0,0.0,0.24055719375610352,80,40,Low
0.0,1,0.14562243223190308,1,0.4,0.0,0.0,0.022005796432495117,80,40,Low
0.0,1,0.14449554681777954,1,0.2,0.0,0.0,0.05089116096496582,80,40,Low
0.0,1,0.14491021633148193,1,0.0,0.0,0.0,0.14623475074768066,80,40,Low
0.0,1,0.14567780494689941,1,0.0,0.0,0.0,0.24333810806274414,80,40,Low
0.0,1,0.1412891447544098,1,0.0,0.0,0.0,0.3517296314239502,80,40,Low
1.0,1,0.14598515629768372,1,0.0,0.0,0.0,0.44469666481018066,65,32,Medium
1.0,1,0.143012136220932,1,0.2,0.0,0.0,0.05104231834411621,65,32,Medium
1.0,1,0.14193326234817505,1,0.2,0.0,0.0,0.04862570762634277,65,32,Medium
1.0,1,0.14190763235092163,1,0.2,0.0,0.0,0.1266927719116211,65,32,Medium
1.0,1,0.13918352127075195,1,0.0,0.0,0.0,0.2208118438720703,65,32,Medium
0.0,1,0.1402282416820526,1,0.0,0.0,0.0,0.3133430480957031,80,40,Low
0.0,1,0.14269906282424927,1,0.0,0.0,0.0,0.39134883880615234,80,40,Low
0.0,1,0.1446414589881897,1,0.0,0.0,0.0,0.5164811611175537,80,40,Low
0.0,1,0.1442597508430481,1,0.0,0.0,0.0,0.6110022068023682,80,40,Low
0.0,1,0.14282968640327454,1,0.2,0.0,0.0,0.030519485473632812,80,40,Low
0.0,1,0.14445936679840088,1,0.2,0.0,0.0,0.020604848861694336,80,40,Low
0.0,1,0.14586424827575684,1,0.2,0.0,0.0,0.09706568717956543,80,40,Low
0.0,1,0.14499002695083618,1,0.0,0.0,0.0,0.19068264961242676,80,40,Low
0.0,1,0.14392215013504028,1,0.0,0.0,0.0,0.2700350284576416,80,40,Low
0.0,1,0.14500689506530762,1,0.2,0.0,0.0,0.07695746421813965,80,40,Low
0.0,1,0.14317435026168823,1,0.2,0.0,0.0,0.07348275184631348,80,40,Low
0.0,1,0.144407719373703,1,0.2,0.0,0.0,0.04901242256164551,80,40,Low
0.0,1,0.1442069709300995,1,0.2,0.0,0.0,0.016018390655517578,80,40,Low
0.0,1,0.143795907497406,1,0.2,0.0,0.0,0.013319253921508789,80,40,Low
0.0,1,0.1432521641254425,1,0.0,0.0,0.0,0.13936924934387207,80,40,Low
0.0,1,0.14461296796798706,1,0.2,0.0,0.0,0.012325763702392578,80,40,Low
0.0,1,0.14408352971076965,1,0.2,0.0,0.0,0.023597002029418945,80,40,Low
0.0,1,0.14389878511428833,1,0.2,0.0,0.0,0.005995750427246094,80,40,Low
0.0,1,0.1449594497680664,1,0.0,0.0,0.0,0.12913918495178223,80,40,Low
0.0,1,0.14333823323249817,1,0.0,0.0,0.0,0.20949196815490723,80,40,Low
0.0,1,0.142181396484375,1,0.0,0.0,0.0,0.3161153793334961,80,40,Low
0.0,1,0.14421436190605164,1,0.0,5.6,0.0,0.0,90,50,Low
0.0,1,0.14583316445350647,1,0.0,5.2,0.0,0.0514531135559082,90,50,Low
0.0,1,0.14541155099868774,1,0.0,0.0,0.0,0.15921235084533691,80,40,Low
0.0,1,0.146375834941864,1,0.0,0.0,0.0,0.25568056106567383,80,40,Low
0.0,1,0.1466226577758789,1,0.0,0.0,0.2,0.08695840835571289,80,40,Low
0.0,1,0.14456039667129517,1,0.0,13.2,0.0,0.0010080337524414062,90,58,Low
0.0,1,0.14605170488357544,1,0.0,9.0,0.0,0.014551639556884766,90,54,Low
0.0,1,0.14460477232933044,1,0.0,0.0,0.0,0.10820388793945312,80,40,Low
0.0,1,0.14604675769805908,1,0.0,8.4,0.0,0.0009992122650146484,90,53,Low
0.0,1,0.144545316696167,1,0.0,15.8,0.0,0.0009930133819580078,90,60,Low
0.0,1,0.14403760433197021,1,0.0,17.2,0.0,0.0,90,62,Low
0.0,1,0.14430522918701172,1,0.0,16.0,0.0,0.0010058879852294922,90,61,Low
0.0,1,0.14479279518127441,1,0.0,17.0,0.0,0.0010006427764892578,90,62,Low
0.0,1,0.14702606201171875,1,0.0,16.8,0.0,0.0,90,61,Low
0.0,1,0.1466653048992157,1,0.0,19.8,0.0,0.000997304916381836,90,64,Low
0.0,1,0.1455698013305664,1,0.0,16.8,0.0,0.0010068416595458984,90,61,Low
0.0,1,0.14578834176063538,1,0.0,12.8,0.0,0.02663254737854004,90,57,Low
0.0,1,0.1480621099472046,1,0.0,14.6,0.0,0.0020110607147216797,90,59,Low
0.0,1,0.14721369743347168,1,0.0,0.2,0.0,0.08448410034179688,80,40,Low
0.0,1,0.14571166038513184,1,0.0,2.0,0.0,0.000986337661743164,90,47,Low
0.0,1,0.14641612768173218,1,0.0,3.8,0.0,0.001008749008178711,90,48,Low
0.0,1,0.14645636081695557,1,0.0,1.8,0.2,0.010002851486206055,90,46,Low
0.0,1,0.14692574739456177,1,0.0,0.0,0.0,0.12153053283691406,80,40,Low
0.0,1,0.1456913948059082,1,0.0,8.4,0.0,0.0020012855529785156,90,53,Low
0.0,1,0.14533904194831848,1,0.0,5.0,0.0,0.027539968490600586,90,50,Low
0.0,1,0.14742156863212585,1,0.0,0.0,0.0,0.12506675720214844,80,40,Low
0.0,1,0.14546039700508118,1,0.0,0.0,0.2,0.09554147720336914,80,40,Low
0.0,1,0.14647865295410156,1,0.0,0.0,0.2,0.061469316482543945,80,40,Low
0.0,1,0.14566034078598022,1,0.0,0.4,0.0,0.0065233707427978516,80,40,Low
0.0,1,0.14623728394508362,1,0.0,7.4,0.0,0.00799703598022461,90,52,Low
0.0,1,0.14515507221221924,1,0.0,6.8,0.0,0.05836629867553711,90,51,Low
0.0,1,0.14531397819519043,1,0.0,0.0,0.0,0.15391159057617188,80,40,Low
0.0,1,0.14685741066932678,1,0.0,0.0,0.0,0.2495272159576416,80,40,Low
0.0,1,0.14577209949493408,1,0.0,0.0,0.0,0.33803868293762207,80,40,Low
0.0,1,0.14730605483055115,1,0.0,0.0,0.0,0.4479382038116455,80,40,Low
0.0,1,0.14553600549697876,1,0.0,0.0,0.0,0.5412237644195557,80,40,Low
0.0,1,0.14533159136772156,1,0.0,0.0,0.0,0.6474502086639404,80,40,Low
0.0,1,0.14633488655090332,1,0.0,2.0,0.0,0.06313490867614746,90,47,Low
0.0,1,0.1457773745059967,1,0.0,0.0,0.0,0.15864133834838867,80,40,Low
0.0,1,0.14601635932922363,1,0.0,0.0,0.2,0.026567935943603516,80,40,Low
0.0,1,0.1455456018447876,1,0.0,0.0,0.0,0.10795307159423828,80,40,Low
0.0,1,0.14584317803382874,1,0.0,0.0,0.0,0.2269303798675537,80,40,Low
0.0,1,0.1463489830493927,1,0.0,8.8,0.0,0.0029954910278320312,90,53,Low
0.0,1,0.1468164622783661,1,0.0,8.4,0.0,0.004001617431640625,90,53,Low
0.0,1,0.14559191465377808,1,0.0,0.2,0.0,0.06300997734069824,80,40,Low
0.0,1,0.14603883028030396,1,0.0,0.0,0.0,0.2014174461364746,80,40,Low
0.0,1,0.1461372971534729,1,0.0,3.8,0.2,0.0019903182983398438,90,48,Low
0.0,1,0.14535802602767944,1,0.0,16.4,0.0,0.0019998550415039062,90,61,Low
0.0,1,0.14650505781173706,1,0.0,9.2,0.0,0.0,90,54,Low
0.0,1,0.14590692520141602,1,0.0,11.4,0.0,0.009000062942504883,90,56,Low
0.0,1,0.14816245436668396,1,0.0,0.2,0.0,0.009005308151245117,80,40,Low
0.0,1,0.14572131633758545,1,0.0,0.0,0.0,0.0715484619140625,80,40,Low
0.0,1,0.14690357446670532,1,0.0,0.0,0.0,0.18107938766479492,80,40,Low
0.0,1,0.1464492678642273,1,0.0,9.4,0.0,0.0009975433349609375,90,54,Low
0.0,1,0.14745399355888367,1,0.0,17.0,0.0,0.009005546569824219,90,62,Low
0.0,1,0.1455036997795105,1,0.0,0.0,0.0,0.0877377986907959,80,40,Low
0.0,1,0.14246279001235962,1,0.0,0.0,0.0,0.17885661125183105,80,40,Low
1.0,1,0.1415298879146576,1,0.0,0.0,0.0,0.3059530258178711,65,32,Medium
1.0,1,0.14531606435775757,1,0.0,0.0,0.0,0.3838386535644531,65,32,Medium
1.0,1,0.14407679438591003,1,0.0,0.0,0.0,0.47724103927612305,65,32,Medium
0.0,1,0.14427733421325684,1,0.0,0.0,0.0,0.5722146034240723,80,40,Low
0.0,1,0.14743956923484802,1,0.0,0.0,0.0,0.7123878002166748,80,40,Low
0.0,1,0.1488879919052124,1,0.0,0.0,0.0,0.7882223129272461,80,40,Low
0.0,1,0.14795535802841187,1,0.2,0.0,0.0,0.08356404304504395,80,40,Low
0.0,1,0.1466335654258728,1,0.0,0.0,0.0,0.1800849437713623,80,40,Low
0.0,1,0.14894968271255493,1,0.2,0.0,0.0,0.1825416088104248,80,40,Low
0.0,1,0.14919164776802063,1,0.0,0.0,0.0,0.27545714378356934,80,40,Low
0.0,1,0.1466456651687622,1,0.0,0.0,0.0,0.36975908279418945,80,40,Low
0.0,1,0.14840596914291382,1,0.0,1.0,0.0,0.05111408233642578,90,46,Low
0.0,1,0.1467689871788025,1,0.0,0.0,0.2,0.06900930404663086,80,40,Low
0.0,1,0.14582684636116028,1,0.0,0.0,0.0,0.17705655097961426,80,40,Low
0.0,1,0.14840230345726013,1,0.0,0.0,0.0,0.2673985958099365,80,40,Low
0.0,1,0.14699774980545044,1,0.0,8.8,0.0,0.0029959678649902344,90,53,Low
0.0,1,0.14572933316230774,1,0.0,1.2,0.0,0.041552066802978516,90,46,Low
0.0,1,0.14629065990447998,1,0.0,0.0,0.2,0.06678366661071777,80,40,Low
0.0,1,0.14701655507087708,1,0.0,0.0,0.0,0.1773073673248291,80,40,Low
0.0,1,0.14707785844802856,1,0.0,0.0,0.0,0.28684401512145996,80,40,Low
0.0,1,0.14563044905662537,1,0.0,0.0,0.0,0.3792450428009033,80,40,Low
0.0,1,0.14311426877975464,1,0.0,0.0,0.0,0.47388458251953125,80,40,Low
1.0,1,0.14371779561042786,1,0.0,0.0,0.0,0.5837087631225586,65,32,Medium
0.0,1,0.14558464288711548,1,0.0,0.0,0.0,0.6797218322753906,80,40,Low
0.0,1,0.14699706435203552,1,0.2,0.0,0.0,0.0666203498840332,80,40,Low
0.0,1,0.14607274532318115,1,0.2,0.0,0.0,0.03519725799560547,80,40,Low
0.0,1,0.14688926935195923,1,0.2,0.0,0.0,0.0010004043579101562,80,40,Low
0.0,1,0.14792001247406006,1,0.0,0.0,0.0,0.11068964004516602,80,40,Low
0.0,1,0.14767509698867798,1,0.2,0.0,0.0,0.07633256912231445,80,40,Low
0.0,1,0.14715099334716797,1,0.2,0.0,0.0,0.043602943420410156,80,40,Low
0.0,1,0.14602354168891907,1,0.0,0.0,0.0,0.13885021209716797,80,40,Low
0.0,1,0.14704012870788574,1,0.0,0.0,0.0,0.23159456253051758,80,40,Low
0.0,1,0.14690709114074707,1,0.2,0.0,0.0,0.07668614387512207,80,40,Low
0.0,1,0.1475326418876648,1,0.2,0.0,0.0,0.035088539123535156,80,40,Low
0.0,1,0.14778059720993042,1,0.0,0.0,0.0,0.13009953498840332,80,40,Low
0.0,1,0.14701935648918152,1,0.0,0.0,0.0,0.22615480422973633,80,40,Low
1.0,1,0.14457327127456665,1,0.0,0.0,0.0,0.34586596488952637,65,32,Medium
1.0,1,0.1434900462627411,1,0.0,0.0,0.0,0.4398157596588135,65,32,Medium
1.0,1,0.14533352851867676,1,0.0,0.0,0.0,0.5308206081390381,65,32,Medium
1.0,1,0.14533793926239014,1,0.2,0.0,0.0,0.07991623878479004,65,32,Medium
1.0,1,0.14352697134017944,1,0.2,0.0,0.0,0.07073974609375,65,32,Medium
1.0,1,0.14321252703666687,1,0.2,0.0,0.0,0.03462934494018555,65,32,Medium
1.0,1,0.1440381109714508,1,0.2,0.0,0.0,0.05124354362487793,65,32,Medium
1.0,1,0.1448802649974823,1,0.0,0.0,0.0,0.1588881015777588,65,32,Medium
0.0,1,0.14403799176216125,1,0.4,0.0,0.0,0.0073664188385009766,80,40,Low
0.0,1,0.1436241865158081,1,0.2,0.0,0.0,0.033968448638916016,80,40,Low
0.0,1,0.14730021357536316,1,0.0,0.0,0.0,0.13021039962768555,80,40,Low
0.0,1,0.145302414894104,1,0.2,0.0,0.0,0.0937199592590332,80,40,Low
0.0,1,0.14464417099952698,1,0.2,0.0,0.0,0.08000373840332031,80,40,Low
0.0,1,0.14482539892196655,1,0.2,0.0,0.0,0.07461953163146973,80,40,Low
0.0,1,0.14546215534210205,1,0.0,0.0,0.0,0.15291309356689453,80,40,Low
0.0,1,0.14665505290031433,1,0.2,0.0,0.0,0.08713579177856445,80,40,Low
0.0,1,0.14611530303955078,1,0.0,0.0,0.0,0.18056917190551758,80,40,Low
0.0,1,0.14337372779846191,1,0.0,0.0,0.0,0.27461791038513184,80,40,Low
1.0,1,0.14302140474319458,1,0.0,0.0,0.0,0.35141730308532715,65,32,Medium
1.0,1,0.144748717546463,1,0.2,0.0,0.0,0.11563849449157715,65,32,Medium
0.0,1,0.1429513692855835,1,0.4,0.0,0.0,0.018518686294555664,80,40,Low
0.0,1,0.14431923627853394,1,0.2,0.0,0.0,0.01704549789428711,80,40,Low
0.0,1,0.14370068907737732,1,0.0,0.0,0.0,0.10976052284240723,80,40,Low
0.0,1,0.14452990889549255,1,0.2,0.0,0.0,0.08495855331420898,80,40,Low
0.0,1,0.14449113607406616,1,0.2,0.0,0.0,0.08800148963928223,80,40,Low
0.0,1,0.1442728042602539,1,0.2,0.0,0.0,0.005000591278076172,80,40,Low
0.0,1,0.14468622207641602,1,0.2,0.0,0.0,0.020000934600830078,80,40,Low
0.0,1,0.14443734288215637,1,0.2,0.0,0.0,0.06430196762084961,80,40,Low
0.0,1,0.14435642957687378,1,0.0,0.0,0.0,0.1603395938873291,80,40,Low
0.0,1,0.1423097848892212,1,0.0,0.0,0.0,0.2530791759490967,80,40,Low
1.0,1,0.14550134539604187,1,0.0,0.0,0.0,0.3495206832885742,65,32,Medium
1.0,1,0.14228862524032593,1,0.2,0.0,0.0,0.12119078636169434,65,32,Medium
1.0,1,0.14325058460235596,1,0.2,0.0,0.0,0.004994630813598633,65,32,Medium
1.0,1,0.14342546463012695,1,0.0,0.0,0.0,0.11553096771240234,65,32,Medium
0.0,1,0.14038747549057007,1,0.2,0.0,0.0,0.07999730110168457,80,40,Low
0.0,1,0.14456111192703247,1,0.2,0.0,0.0,0.06559300422668457,80,40,Low
0.0,1,0.14503753185272217,1,0.2,0.0,0.0,0.03137063980102539,80,40,Low
0.0,1,0.14541804790496826,1,0.0,0.0,0.0,0.12512993812561035,80,40,Low
0.0,1,0.14511999487876892,1,0.0,0.0,0.0,0.22034144401550293,80,40,Low
0.0,1,0.14598584175109863,1,0.0,0.0,0.0,0.31175947189331055,80,40,Low
0.0,1,0.14607587456703186,1,0.0,0.0,0.2,0.04053449630737305,80,40,Low
0.0,1,0.14548364281654358,1,0.0,0.0,0.0,0.12402224540710449,80,40,Low
0.0,1,0.14442041516304016,1,0.0,0.0,0.0,0.21606969833374023,80,40,Low
0.0,1,0.1443207561969757,1,0.0,0.0,0.2,0.08972811698913574,80,40,Low
0.0,1,0.14401495456695557,1,0.0,0.0,0.0,0.18509888648986816,80,40,Low
0.0,1,0.13623559474945068,1,0.0,0.0,0.0,0.28044676780700684,80,40,Low
0.0,1,0.1322513222694397,1,0.0,0.0,0.0,0.3737447261810303,80,40,Low
0.0,1,0.12969183921813965,1,0.0,0.0,0.0,0.4883127212524414,80,40,Low
0.0,1,0.12833145260810852,1,0.0,0.0,0.0,0.5798673629760742,80,40,Low
0.0,1,0.1301988959312439,1,0.0,0.0,0.0,0.6747698783874512,80,40,Low
0.0,1,0.13381657004356384,1,0.0,0.0,0.0,0.8000681400299072,80,40,Low
0.0,1,0.13716697692871094,1,0.0,0.0,0.0,0.8944673538208008,80,40,Low
0.0,1,0.14044108986854553,1,0.0,0.0,0.0,0.9926848411560059,80,40,Low
0.0,1,0.14919885993003845,1,0.0,0.0,0.0,1.083850383758545,80,40,Low
1.0,1,0.1450919806957245,1,0.0,0.0,0.0,1.193946123123169,65,32,Medium
0.0,0,0.15920987725257874,1,0.0,0.0,0.0,1.288276195526123,40,20,High
0.0,0,0.0,0,0.0,0.0,0.0,1.3818261623382568,0,0,Absent
0.0,0,0.0,0,0.0,0.0,0.0,1.492847204208374,0,0,Absent
0.0,0,0.0,0,0.0,0.0,0.0,1.5904572010040283,0,0,Absent
0.0,0,0.0,0,0.0,0.0,0.0,1.7089648246765137,0,0,Absent
0.0,0,0.0,0,0.0,0.0,0.0,1.8189294338226318,0,0,Absent
0.0,0,0.0,0,0.0,0.0,0.0,1.9142775535583496,0,0,Absent
0.0,0,0.0,0,0.0,0.0,0.0,2.0243780612945557,0,0,Absent
0.0,0,0.0,0,0.0,0.0,0.0,2.1026012897491455,0,0,Absent
0.0,0,0.0,0,0.0,0.0,0.0,2.2130041122436523,0,0,Absent
0.0,0,0.0,0,0.0,0.0,0.0,2.3062660694122314,0,0,Absent
0.0,0,0.0,0,0.0,0.0,0.0,2.4164962768554688,0,0,Absent
0.0,0,0.0,0,0.0,0.0,0.0,2.5098278522491455,0,0,Absent
0.0,0,0.0,0,0.0,0.0,0.0,2.633314609527588,0,0,Absent
0.0,0,0.0,0,0.0,0.0,0.0,2.7111406326293945,0,0,Absent
0.0,0,0.0,0,0.0,0.0,0.0,2.7890625,0,0,Absent
0.0,0,0.0,0,0.0,0.0,0.0,2.883526563644409,0,0,Absent
0.0,0,0.0,0,0.0,0.0,0.0,2.9935104846954346,0,0,Absent
0.0,0,0.0,0,0.0,0.0,0.0,3.1025540828704834,0,0,Absent
0.0,0,0.0,0,0.0,0.0,0.0,3.194981336593628,0,0,Absent
0.0,0,0.0,0,0.0,0.0,0.0,3.2918782234191895,0,0,Absent
0.0,0,0.0,0,0.0,0.0,0.0,3.4001832008361816,0,0,Absent
0.0,0,0.0,0,0.0,0.0,0.0,3.494591236114502,0,0,Absent
0.0,0,0.0,0,0.0,0.0,0.0,3.5890774726867676,0,0,Absent
0.0,0,0.0,0,0.0,0.0,0.0,3.698582649230957,0,0,Absent
0.0,0,0.0,0,0.0,0.0,0.0,3.8078203201293945,0,0,Absent
0.0,0,0.0,0,0.0,0.0,0.0,3.9007887840270996,0,0,Absent
0.0,0,0.0,0,0.0,0.0,0.0,3.9946272373199463,0,0,Absent
0.0,0,0.0,0,0.0,0.0,0.0,4.1040098667144775,0,0,Absent
0.0,0,0.0,0,0.0,0.0,0.0,4.201567888259888,0,0,Absent
0.0,0,0.0,0,0.0,0.0,0.0,4.293172597885132,0,0,Absent
0.0,0,0.0,0,0.0,0.0,0.0,4.370791912078857,0,0,Absent
0.0,0,0.0,0,0.0,0.0,0.0,4.4992077350616455,0,0,Absent
0.0,0,0.0,0,0.0,0.0,0.0,4.592677116394043,0,0,Absent
0.0,0,0.0,0,0.0,0.0,0.0,4.701692581176758,0,0,Absent
0.0,0,0.0,0,0.0,0.0,0.0,4.782377243041992,0,0,Absent
0.0,0,0.0,0,0.0,0.0,0.0,4.906203985214233,0,0,Absent
0.0,0,0.0,0,0.0,0.0,0.0,4.998977184295654,0,0,Absent
0.0,0,0.0,0,0.0,0.0,0.0,5.077157735824585,0,0,Absent
0.0,0,0.0,0,0.0,0.0,0.0,5.169373989105225,0,0,Absent
0.0,0,0.0,0,0.0,0.0,0.0,5.296956777572632,0,0,Absent
0.0,0,0.0,0,0.0,0.0,0.0,5.407372951507568,0,0,Absent
0.0,0,0.0,0,0.0,0.0,0.0,5.484960317611694,0,0,Absent
0.0,0,0.0,0,0.0,0.0,0.0,5.577425003051758,0,0,Absent
0.0,0,0.0,0,0.0,0.0,0.0,5.701167106628418,0,0,Absent
0.0,0,0.0,0,0.0,0.0,0.0,5.778750896453857,0,0,Absent
0.0,0,0.0,0,0.0,0.0,0.0,5.888207674026489,0,0,Absent
0.0,0,0.0,0,0.0,0.0,0.0,5.980187892913818,0,0,Absent
0.0,0,0.0,0,0.0,0.0,0.0,6.107443809509277,0,0,Absent
0.0,0,0.0,0,0.0,0.0,0.0,6.171499252319336,0,0,Absent
0.0,0,0.0,0,0.0,0.0,0.0,6.281461000442505,0,0,Absent
0.0,0,0.0,0,0.0,0.0,0.0,6.372478723526001,0,0,Absent
0.0,0,0.0,0,0.0,0.0,0.0,6.495728969573975,0,0,Absent
0.0,0,0.0,0,0.0,0.0,0.0,6.590720176696777,0,0,Absent
0.0,0,0.0,0,0.0,0.0,0.0,6.685358047485352,0,0,Absent
0.0,0,0.0,0,0.0,0.0,0.0,6.7828874588012695,0,0,Absent
0.0,0,0.0,0,0.0,0.0,0.0,6.874004125595093,0,0,Absent
0.0,0,0.0,0,0.0,0.0,0.0,6.983765602111816,0,0,Absent
0.0,0,0.0,0,0.0,0.0,0.0,7.074657917022705,0,0,Absent
0.0,0,0.0,0,0.0,0.0,0.0,7.183328151702881,0,0,Absent
0.0,0,0.0,0,0.0,0.0,0.0,7.293566703796387,0,0,Absent
0.0,0,0.0,0,0.0,0.0,0.0,7.387643814086914,0,0,Absent
0.0,0,0.0,0,0.0,0.0,0.0,7.483172178268433,0,0,Absent
0.0,0,0.0,0,0.0,0.0,0.0,7.575589179992676,0,0,Absent
0.0,0,0.0,0,0.0,0.0,0.0,7.687081575393677,0,0,Absent
0.0,0,0.0,0,0.0,0.0,0.0,7.779385089874268,0,0,Absent
0.0,0,0.0,0,0.0,0.0,0.0,7.8871564865112305,0,0,Absent
0.0,0,0.0,0,0.0,0.0,0.0,7.999689340591431,0,0,Absent
0.0,0,0.0,0,0.0,0.0,0.0,8.093234539031982,0,0,Absent
0.0,0,0.0,0,0.0,0.0,0.0,8.18629503250122,0,0,Absent
0.0,0,0.0,0,0.0,0.0,0.0,8.280506372451782,0,0,Absent
0.0,0,0.0,0,0.0,0.0,0.0,8.38818907737732,0,0,Absent
0.0,0,0.0,0,0.0,0.0,0.0,8.483751773834229,0,0,Absent
0.0,0,0.0,0,0.0,0.0,0.0,8.580350637435913,0,0,Absent
0.0,0,0.0,0,0.0,0.0,0.0,8.690321922302246,0,0,Absent
0.0,0,0.0,0,0.0,0.0,0.0,8.799304723739624,0,0,Absent
0.0,0,0.0,0,0.0,0.0,0.0,8.894233226776123,0,0,Absent
0.0,0,0.0,0,0.0,0.0,0.0,8.987479448318481,0,0,Absent
0.0,0,0.0,0,0.0,0.0,0.0,9.096235513687134,0,0,Absent
0.0,0,0.0,0,0.0,0.0,0.0,9.188709020614624,0,0,Absent
0.0,0,0.0,0,0.0,0.0,0.0,9.283255338668823,0,0,Absent
0.0,0,0.0,0,0.0,0.0,0.0,9.39177656173706,0,0,Absent
0.0,0,0.0,0,0.0,0.0,0.0,9.502473831176758,0,0,Absent
0.0,0,0.0,0,0.0,0.0,0.0,9.596664428710938,0,0,Absent
0.0,0,0.0,0,0.0,0.0,0.0,9.690629482269287,0,0,Absent
0.0,0,0.0,0,0.0,0.0,0.0,9.801320552825928,0,0,Absent
0.0,0,0.0,0,0.0,0.0,0.0,9.895516633987427,0,0,Absent
0.0,0,0.0,0,0.0,0.0,0.0,9.988338470458984,0,0,Absent
0.0,0,0.0,0,0.0,0.0,0.0,10.084877967834473,0,0,Absent
0.0,0,0.0,0,0.0,0.0,0.0,10.207592248916626,0,0,Absent
0.0,0,0.0,0,0.0,0.0,0.0,10.302854061126709,0,0,Absent
0.0,0,0.0,0,0.0,0.0,0.0,10.39931344985962,0,0,Absent
0.0,0,0.0,0,0.0,0.0,0.0,10.507206201553345,0,0,Absent
0.0,0,0.0,0,0.0,0.0,0.0,10.600526571273804,0,0,Absent
0.0,0,0.0,0,0.0,0.0,0.0,10.694244384765625,0,0,Absent
0.0,0,0.0,0,0.0,0.0,0.0,10.786455869674683,0,0,Absent
0.0,0,0.0,0,0.0,0.0,0.0,10.911067247390747,0,0,Absent
0.0,0,0.0,0,0.0,0.0,0.0,11.00654149055481,0,0,Absent
0.0,0,0.0,0,0.0,0.0,0.0,11.103062629699707,0,0,Absent
0.0,0,0.0,0,0.0,0.0,0.0,11.182605028152466,0,0,Absent
0.0,0,0.0,0,0.0,0.0,0.0,11.306144952774048,0,0,Absent
0.0,0,0.0,0,0.0,0.0,0.0,11.397659540176392,0,0,Absent
0.0,0,0.0,0,0.0,0.0,0.0,11.492186784744263,0,0,Absent
0.0,0,0.0,0,0.0,0.0,0.0,11.5717031955719,0,0,Absent
0.0,0,0.0,0,0.0,0.0,0.0,11.713182926177979,0,0,Absent
0.0,0,0.0,0,0.0,0.0,0.0,11.805250644683838,0,0,Absent
0.0,0,0.0,0,0.0,0.0,0.0,11.884331941604614,0,0,Absent
0.0,0,0.0,0,0.0,0.0,0.0,11.977477073669434,0,0,Absent
0.0,0,0.0,0,0.0,0.0,0.0,12.105005264282227,0,0,Absent
0.0,0,0.0,0,0.0,0.0,0.0,12.198119401931763,0,0,Absent
0.0,0,0.0,0,0.0,0.0,0.0,12.276349067687988,0,0,Absent
0.0,0,0.0,0,0.0,0.0,0.0,12.370567083358765,0,0,Absent
0.0,0,0.0,0,0.0,0.0,0.0,12.511461734771729,0,0,Absent
0.0,0,0.0,0,0.0,0.0,0.0,12.589468955993652,0,0,Absent
0.0,0,0.0,0,0.0,0.0,0.0,12.683719158172607,0,0,Absent
0.0,0,0.0,0,0.0,0.0,0.0,12.780293226242065,0,0,Absent
0.0,0,0.0,0,0.0,0.0,0.0,12.903873443603516,0,0,Absent
0.0,0,0.0,0,0.0,0.0,0.0,12.982274293899536,0,0,Absent
0.0,0,0.0,0,0.0,0.0,0.0,13.074755907058716,0,0,Absent
0.0,0,0.0,0,0.0,0.0,0.0,13.170967817306519,0,0,Absent
0.0,0,0.0,0,0.0,0.0,0.0,13.283337354660034,0,0,Absent
0.0,0,0.0,0,0.0,0.0,0.0,13.37709641456604,0,0,Absent
0.0,0,0.0,0,0.0,0.0,0.0,13.488196611404419,0,0,Absent
0.0,0,0.0,0,0.0,0.0,0.0,13.583150863647461,0,0,Absent
0.0,0,0.0,0,0.0,0.0,0.0,13.693562507629395,0,0,Absent
0.0,0,0.0,0,0.0,0.0,0.0,13.78757357597351,0,0,Absent
0.0,0,0.0,0,0.0,0.0,0.0,13.882076025009155,0,0,Absent
0.0,0,0.0,0,0.0,0.0,0.0,13.975159645080566,0,0,Absent
0.0,0,0.0,0,0.0,0.0,0.0,14.09068489074707,0,0,Absent
0.0,0,0.0,0,0.0,0.0,0.0,14.18521523475647,0,0,Absent
0.0,0,0.0,0,0.0,0.0,0.0,14.423783540725708,0,0,Absent
0.0,0,0.0,0,0.0,0.0,0.0,14.494794607162476,0,0,Absent
0.0,0,0.0,0,0.0,0.0,0.0,14.588316679000854,0,0,Absent
0.0,0,0.0,0,0.0,0.0,0.0,14.681928157806396,0,0,Absent
0.0,0,0.0,0,0.0,0.0,0.0,14.792697668075562,0,0,Absent
0.0,0,0.0,0,0.0,0.0,0.0,14.88782548904419,0,0,Absent
0.0,0,0.0,0,0.0,0.0,0.0,14.981354713439941,0,0,Absent
0.0,0,0.0,0,0.0,0.0,0.0,15.076581239700317,0,0,Absent
0.0,0,0.0,0,0.0,0.0,0.0,15.185492038726807,0,0,Absent
0.0,0,0.0,0,0.0,0.0,0.0,15.293842077255249,0,0,Absent
0.0,0,0.0,0,0.0,0.0,0.0,15.390396118164062,0,0,Absent
0.0,0,0.0,0,0.0,0.0,0.0,15.498525857925415,0,0,Absent
0.0,0,0.0,0,0.0,0.0,0.0,15.592772006988525,0,0,Absent
0.0,0,0.0,0,0.0,0.0,0.0,15.687960386276245,0,0,Absent
0.0,0,0.0,0,0.0,0.0,0.0,15.780556201934814,0,0,Absent
0.0,0,0.0,0,0.0,0.0,0.0,15.892694234848022,0,0,Absent
0.0,0,0.0,0,0.0,0.0,0.0,15.98416805267334,0,0,Absent
0.0,0,0.0,0,0.0,0.0,0.0,16.079902172088623,0,0,Absent
0.0,0,0.0,0,0.0,0.0,0.0,16.205304384231567,0,0,Absent
0.0,0,0.0,0,0.0,0.0,0.0,16.299485206604004,0,0,Absent
0.0,0,0.0,0,0.0,0.0,0.0,16.393419981002808,0,0,Absent
0.0,0,0.0,0,0.0,0.0,0.0,16.4877290725708,0,0,Absent
0.0,0,0.0,0,0.0,0.0,0.0,16.597373008728027,0,0,Absent
0.0,0,0.0,0,0.0,0.0,0.0,16.691469430923462,0,0,Absent
0.0,0,0.0,0,0.0,0.0,0.0,16.78470516204834,0,0,Absent
0.0,0,0.0,0,0.0,0.0,0.0,16.910975694656372,0,0,Absent
0.0,0,0.0,0,0.0,0.0,0.0,17.00310730934143,0,0,Absent
0.0,0,0.0,0,0.0,0.0,0.0,17.095766067504883,0,0,Absent
0.0,0,0.0,0,0.0,0.0,0.0,17.18862557411194,0,0,Absent
0.0,0,0.0,0,0.0,0.0,0.0,17.30216407775879,0,0,Absent
0.0,0,0.0,0,0.0,0.0,0.0,17.40570616722107,0,0,Absent
0.0,0,0.0,0,0.0,0.0,0.0,17.50173592567444,0,0,Absent
0.0,0,0.0,0,0.0,0.0,0.0,17.578193426132202,0,0,Absent
0.0,0,0.0,0,0.0,0.0,0.0,17.704461574554443,0,0,Absent
0.0,0,0.0,0,0.0,0.0,0.0,17.795817852020264,0,0,Absent
0.0,0,0.0,0,0.0,0.0,0.0,17.890356302261353,0,0,Absent
0.0,0,0.0,0,0.0,0.0,0.0,17.983361959457397,0,0,Absent
0.0,0,0.0,0,0.0,0.0,0.0,18.111891984939575,0,0,Absent
0.0,0,0.0,0,0.0,0.0,0.0,18.20539402961731,0,0,Absent
0.0,0,0.0,0,0.0,0.0,0.0,18.283764839172363,0,0,Absent
0.0,0,0.0,0,0.0,0.0,0.0,18.37560725212097,0,0,Absent
0.0,0,0.0,0,0.0,0.0,0.0,18.500534296035767,0,0,Absent
0.0,0,0.0,0,0.0,0.0,0.0,18.60802412033081,0,0,Absent
0.0,0,0.0,0,0.0,0.0,0.0,18.672220468521118,0,0,Absent
0.0,0,0.0,0,0.0,0.0,0.0,18.78242301940918,0,0,Absent
0.0,0,0.0,0,0.0,0.0,0.0,18.904836177825928,0,0,Absent
0.0,0,0.0,0,0.0,0.0,0.0,18.99931812286377,0,0,Absent
0.0,0,0.0,0,0.0,0.0,0.0,19.07831382751465,0,0,Absent
0.0,0,0.0,0,0.0,0.0,0.0,19.17136240005493,0,0,Absent
0.0,0,0.0,0,0.0,0.0,0.0,19.298437118530273,0,0,Absent
0.0,0,0.0,0,0.0,0.0,0.0,19.36163568496704,0,0,Absent
0.0,0,0.0,0,0.0,0.0,0.0,19.488909006118774,0,0,Absent
0.0,0,0.0,0,0.0,0.0,0.0,19.58176612854004,0,0,Absent
0.0,0,0.0,0,0.0,0.0,0.0,19.705641269683838,0,0,Absent
0.0,0,0.0,0,0.0,0.0,0.0,19.784303665161133,0,0,Absent
0.0,0,0.0,0,0.0,0.0,0.0,19.87683868408203,0,0,Absent
0.0,0,0.0,0,0.0,0.0,0.0,19.970277547836304,0,0,Absent
0.0,0,0.0,0,0.0,0.0,0.0,20.08141827583313,0,0,Absent
0.0,0,0.0,0,0.0,0.0,0.0,20.190693140029907,0,0,Absent
0.0,0,0.0,0,0.0,0.0,0.0,20.283935070037842,0,0,Absent
0.0,0,0.0,0,0.0,0.0,0.0,20.37818431854248,0,0,Absent
0.0,0,0.0,0,0.0,0.0,0.0,20.48630404472351,0,0,Absent
0.0,0,0.0,0,0.0,0.0,0.0,20.581871271133423,0,0,Absent
0.0,0,0.0,0,0.0,0.0,0.0,20.67552900314331,0,0,Absent
0.0,0,0.0,0,0.0,0.0,0.0,20.770175457000732,0,0,Absent
0.0,0,0.0,0,0.0,0.0,0.0,20.894429683685303,0,0,Absent
0.0,0,0.0,0,0.0,0.0,0.0,20.991554737091064,0,0,Absent
0.0,0,0.0,0,0.0,0.0,0.0,21.084705114364624,0,0,Absent
0.0,0,0.0,0,0.0,0.0,0.0,21.189332246780396,0,0,Absent
0.0,0,0.0,0,0.0,0.0,0.0,21.282699823379517,0,0,Absent
0.0,0,0.0,0,0.0,0.0,0.0,21.392834901809692,0,0,Absent
0.0,0,0.0,0,0.0,0.0,0.0,21.484699010849,0,0,Absent
0.0,0,0.0,0,0.0,0.0,0.0,21.595174551010132,0,0,Absent
0.0,0,0.0,0,0.0,0.0,0.0,21.692726612091064,0,0,Absent
0.0,0,0.0,0,0.0,0.0,0.0,21.78629183769226,0,0,Absent
0.0,0,0.0,0,0.0,0.0,0.0,21.894856929779053,0,0,Absent
0.0,0,0.0,0,0.0,0.0,0.0,21.988951206207275,0,0,Absent
0.0,0,0.0,0,0.0,0.0,0.0,22.084065437316895,0,0,Absent
0.0,0,0.0,0,0.0,0.0,0.0,22.178589582443237,0,0,Absent
0.0,0,0.0,0,0.0,0.0,0.0,22.294153690338135,0,0,Absent
0.0,0,0.0,0,0.0,0.0,0.0,22.39975666999817,0,0,Absent
0.0,0,0.0,0,0.0,0.0,0.0,22.49229121208191,0,0,Absent
0.0,0,0.0,0,0.0,0.0,0.0,22.589836359024048,0,0,Absent
0.0,0,0.0,0,0.0,0.0,0.0,22.6966233253479,0,0,Absent
0.0,0,0.0,0,0.0,0.0,0.0,22.790732383728027,0,0,Absent
0.0,0,0.0,0,0.0,0.0,0.0,22.883617639541626,0,0,Absent
0.0,0,0.0,0,0.0,0.0,0.0,22.993380069732666,0,0,Absent
0.0,0,0.0,0,0.0,0.0,0.0,23.101914644241333,0,0,Absent
0.0,0,0.0,0,0.0,0.0,0.0,23.197547912597656,0,0,Absent
0.0,0,0.0,0,0.0,0.0,0.0,23.290457487106323,0,0,Absent
0.0,0,0.0,0,0.0,0.0,0.0,23.39922332763672,0,0,Absent
0.0,0,0.0,0,0.0,0.0,0.0,23.49198031425476,0,0,Absent
0.0,0,0.0,0,0.0,0.0,0.0,23.586294174194336,0,0,Absent
0.0,0,0.0,0,0.0,0.0,0.0,23.71125841140747,0,0,Absent
0.0,0,0.0,0,0.0,0.0,0.0,23.805504322052002,0,0,Absent
0.0,0,0.0,0,0.0,0.0,0.0,23.899155378341675,0,0,Absent
0.0,0,0.0,0,0.0,0.0,0.0,23.99462890625,0,0,Absent
0.0,0,0.0,0,0.0,0.0,0.0,24.104687213897705,0,0,Absent
0.0,0,0.0,0,0.0,0.0,0.0,24.19870638847351,0,0,Absent
0.0,0,0.0,0,0.0,0.0,0.0,24.294220209121704,0,0,Absent
0.0,0,0.0,0,0.0,0.0,0.0,24.36274218559265,0,0,Absent
0.0,0,0.0,0,0.0,0.0,0.0,24.502256870269775,0,0,Absent
0.0,0,0.0,0,0.0,0.0,0.0,24.593087911605835,0,0,Absent
0.0,0,0.0,0,0.0,0.0,0.0,24.701014041900635,0,0,Absent
0.0,0,0.0,0,0.0,0.0,0.0,24.77903413772583,0,0,Absent
0.0,0,0.0,0,0.0,0.0,0.0,24.903143644332886,0,0,Absent
0.0,0,0.0,0,0.0,0.0,0.0,24.998653411865234,0,0,Absent
0.0,0,0.0,0,0.0,0.0,0.0,25.077771186828613,0,0,Absent
0.0,0,0.0,0,0.0,0.0,0.0,25.170663833618164,0,0,Absent
0.0,0,0.0,0,0.0,0.0,0.0,25.31082820892334,0,0,Absent
0.0,0,0.0,0,0.0,0.0,0.0,25.40272808074951,0,0,Absent
0.0,0,0.0,0,0.0,0.0,0.0,25.480956554412842,0,0,Absent
0.0,0,0.0,0,0.0,0.0,0.0,25.57522225379944,0,0,Absent
0.0,0,0.0,0,0.0,0.0,0.0,25.7025146484375,0,0,Absent
0.0,0,0.0,0,0.0,0.0,0.0,25.78207015991211,0,0,Absent
0.0,0,0.0,0,0.0,0.0,0.0,25.878598928451538,0,0,Absent
0.0,0,0.0,0,0.0,0.0,0.0,25.96960139274597,0,0,Absent
0.0,0,0.0,0,0.0,0.0,0.0,26.097089290618896,0,0,Absent
0.0,0,0.0,0,0.0,0.0,0.0,26.18975305557251,0,0,Absent
0.0,0,0.0,0,0.0,0.0,0.0,26.28294587135315,0,0,Absent
0.0,0,0.0,0,0.0,0.0,0.0,26.374144554138184,0,0,Absent
0.0,0,0.0,0,0.0,0.0,0.0,26.48274302482605,0,0,Absent
0.0,0,0.0,0,0.0,0.0,0.0,26.591043710708618,0,0,Absent
0.0,0,0.0,0,0.0,0.0,0.0,26.68520712852478,0,0,Absent
0.0,0,0.0,0,0.0,0.0,0.0,26.777588844299316,0,0,Absent
0.0,0,0.0,0,0.0,0.0,0.0,26.870932579040527,0,0,Absent
0.0,0,0.0,0,0.0,0.0,0.0,26.98188328742981,0,0,Absent
0.0,0,0.0,0,0.0,0.0,0.0,27.077165603637695,0,0,Absent
0.0,0,0.0,0,0.0,0.0,0.0,27.16994047164917,0,0,Absent
0.0,0,0.0,0,0.0,0.0,0.0,27.28144335746765,0,0,Absent
0.0,0,0.0,0,0.0,0.0,0.0,27.389145135879517,0,0,Absent
0.0,0,0.0,0,0.0,0.0,0.0,27.481453895568848,0,0,Absent
0.0,0,0.0,0,0.0,0.0,0.0,27.574744701385498,0,0,Absent
0.0,0,0.0,0,0.0,0.0,0.0,27.685919046401978,0,0,Absent
0.0,0,0.0,0,0.0,0.0,0.0,27.77721381187439,0,0,Absent
0.0,0,0.0,0,0.0,0.0,0.0,27.88649344444275,0,0,Absent
0.0,0,0.0,0,0.0,0.0,0.0,27.997249841690063,0,0,Absent
0.0,0,0.0,0,0.0,0.0,0.0,28.092289209365845,0,0,Absent
0.0,0,0.0,0,0.0,0.0,0.0,28.18460750579834,0,0,Absent
0.0,0,0.0,0,0.0,0.0,0.0,28.279722929000854,0,0,Absent
0.0,0,0.0,0,0.0,0.0,0.0,28.387989282608032,0,0,Absent
0.0,0,0.0,0,0.0,0.0,0.0,28.479604721069336,0,0,Absent
0.0,0,0.0,0,0.0,0.0,0.0,28.58993148803711,0,0,Absent
0.0,0,0.0,0,0.0,0.0,0.0,28.698035717010498,0,0,Absent
0.0,0,0.0,0,0.0,0.0,0.0,28.793106079101562,0,0,Absent
0.0,0,0.0,0,0.0,0.0,0.0,28.886420726776123,0,0,Absent
0.0,0,0.0,0,0.0,0.0,0.0,28.979524612426758,0,0,Absent
0.0,0,0.0,0,0.0,0.0,0.0,29.10257840156555,0,0,Absent
0.0,0,0.0,0,0.0,0.0,0.0,29.196043491363525,0,0,Absent
0.0,0,0.0,0,0.0,0.0,0.0,29.291411876678467,0,0,Absent
0.0,0,0.0,0,0.0,0.0,0.0,29.398242950439453,0,0,Absent
0.0,0,0.0,0,0.0,0.0,0.0,29.493842601776123,0,0,Absent
0.0,0,0.0,0,0.0,0.0,0.0,29.588130474090576,0,0,Absent
0.0,0,0.0,0,0.0,0.0,0.0,29.681530475616455,0,0,Absent
0.0,0,0.0,0,0.0,0.0,0.0,29.806401014328003,0,0,Absent
0.0,0,0.0,0,0.0,0.0,0.0,29.899651050567627,0,0,Absent
0.0,0,0.0,0,0.0,0.0,0.0,29.994273900985718,0,0,Absent
0.0,0,0.0,0,0.0,0.0,0.0,30.10148811340332,0,0,Absent
0.0,0,0.0,0,0.0,0.0,0.0,30.19637441635132,0,0,Absent
0.0,0,0.0,0,0.0,0.0,0.0,30.28979992866516,0,0,Absent
0.0,0,0.0,0,0.0,0.0,0.0,30.38428235054016,0,0,Absent
0.0,0,0.0,0,0.0,0.0,0.0,30.51153826713562,0,0,Absent
0.0,0,0.0,0,0.0,0.0,0.0,30.603212356567383,0,0,Absent
0.0,0,0.0,0,0.0,0.0,0.0,30.696398735046387,0,0,Absent
0.0,0,0.0,0,0.0,0.0,0.0,30.774733304977417,0,0,Absent
0.0,0,0.0,0,0.0,0.0,0.0,30.89824151992798,0,0,Absent
0.0,0,0.0,0,0.0,0.0,0.0,31.006980180740356,0,0,Absent
0.0,0,0.0,0,0.0,0.0,0.0,31.10128140449524,0,0,Absent
0.0,0,0.0,0,0.0,0.0,0.0,31.18127965927124,0,0,Absent
0.0,0,0.0,0,0.0,0.0,0.0,31.306257009506226,0,0,Absent
0.0,0,0.0,0,0.0,0.0,0.0,31.400405168533325,0,0,Absent
0.0,0,0.0,0,0.0,0.0,0.0,31.49453902244568,0,0,Absent
0.0,0,0.0,0,0.0,0.0,0.0,31.57226276397705,0,0,Absent
0.0,0,0.0,0,0.0,0.0,0.0,31.712246894836426,0,0,Absent
0.0,0,0.0,0,0.0,0.0,0.0,31.806844234466553,0,0,Absent
0.0,0,0.0,0,0.0,0.0,0.0,31.867539167404175,0,0,Absent
0.0,0,0.0,0,0.0,0.0,0.0,31.976126670837402,0,0,Absent
0.0,0,0.0,0,0.0,0.0,0.0,32.100560426712036,0,0,Absent
0.0,0,0.0,0,0.0,0.0,0.0,32.19396638870239,0,0,Absent
0.0,0,0.0,0,0.0,0.0,0.0,32.272464990615845,0,0,Absent
0.0,0,0.0,0,0.0,0.0,0.0,32.38308572769165,0,0,Absent
0.0,0,0.0,0,0.0,0.0,0.0,32.50749230384827,0,0,Absent
0.0,0,0.0,0,0.0,0.0,0.0,32.584978103637695,0,0,Absent
0.0,0,0.0,0,0.0,0.0,0.0,32.67661476135254,0,0,Absent
0.0,0,0.0,0,0.0,0.0,0.0,32.774510622024536,0,0,Absent
0.0,0,0.0,0,0.0,0.0,0.0,32.91119885444641,0,0,Absent
0.0,0,0.0,0,0.0,0.0,0.0,33.006587982177734,0,0,Absent
0.0,0,0.0,0,0.0,0.0,0.0,33.11783170700073,0,0,Absent
0.0,0,0.0,0,0.0,0.0,0.0,33.19537115097046,0,0,Absent
0.0,0,0.0,0,0.0,0.0,0.0,33.32104301452637,0,0,Absent
0.0,0,0.0,0,0.0,0.0,0.0,33.40037441253662,0,0,Absent
0.0,0,0.0,0,0.0,0.0,0.0,33.51237082481384,0,0,Absent
0.0,0,0.47089725732803345,1,0.0,0.0,0.0,33.590864419937134,10,0,High
0.0,0,0.4548974335193634,1,0.0,0.0,0.0,33.7301824092865,10,0,High
0.0,0,0.4333310127258301,1,0.0,0.0,0.0,33.806796073913574,10,0,High
0.0,0,0.0,0,0.0,0.0,0.0,33.91658329963684,0,0,Absent
0.0,0,0.2831893563270569,1,0.0,0.0,0.0,33.9984974861145,10,0,High
0.0,0,0.23610621690750122,1,0.0,0.0,0.0,34.12149357795715,10,0,High
0.0,0,0.19785010814666748,1,0.0,0.0,0.0,34.19876027107239,10,0,High
0.0,0,0.0,0,0.0,0.0,0.0,34.311394929885864,0,0,Absent
0.0,1,0.12930405139923096,1,0.0,0.0,0.0,34.37535572052002,50,5,Medium
1.0,1,0.11550500988960266,1,0.0,0.0,0.0,34.48245596885681,35,0,High
1.0,1,0.10568448901176453,1,0.0,0.0,0.0,34.591583251953125,35,0,High
0.0,1,0.10220342874526978,1,0.0,0.0,0.0,34.68459963798523,50,5,Medium
0.0,1,0.09897154569625854,1,0.0,0.0,0.0,34.77927088737488,50,5,Medium
0.0,1,0.10086235404014587,1,0.0,1.4,0.0,0.0009911060333251953,90,46,Low
0.0,1,0.10459518432617188,1,0.0,11.8,0.0,0.02301955223083496,90,56,Low
0.0,1,0.10672053694725037,1,0.0,2.0,0.0,0.0010073184967041016,90,47,Low
0.0,1,0.11074542999267578,1,0.0,16.4,0.0,0.0009996891021728516,90,61,Low
0.0,1,0.11491134762763977,1,0.0,5.8,0.0,0.0465850830078125,90,50,Low
0.0,1,0.12428683042526245,1,0.0,10.8,0.0,0.0,90,55,Low
0.0,1,0.13003572821617126,1,0.0,17.0,0.0,0.0020096302032470703,90,62,Low
0.0,1,0.13597410917282104,1,0.0,9.8,0.0,0.0009989738464355469,90,54,Low
0.0,1,0.14257770776748657,1,0.0,16.8,0.0,0.0,90,61,Low
0.0,1,0.1453489065170288,1,0.0,11.2,0.0,0.0009953975677490234,90,56,Low
0.0,1,0.14980757236480713,1,0.0,19.8,0.0,0.0009992122650146484,90,64,Low
0.0,0,0.1530938744544983,1,0.0,6.2,0.0,0.0010073184967041016,50,31,Medium
0.0,0,0.15358489751815796,1,0.0,10.8,0.0,0.001005411148071289,50,35,Medium
0.0,0,0.15379789471626282,1,0.0,12.4,0.0,0.001999378204345703,50,37,Medium
0.0,0,0.15383413434028625,1,0.0,13.6,0.0,0.0020036697387695312,50,38,Medium
0.0,0,0.15437355637550354,1,0.0,7.6,0.0,0.02680039405822754,50,32,Medium
0.0,0,0.15405595302581787,1,0.0,1.2,0.2,0.01004648208618164,50,26,Medium
0.0,0,0.15327247977256775,1,0.0,0.2,0.0,0.06599116325378418,40,20,High
0.0,0,0.15367889404296875,1,0.0,8.0,0.0,0.0015058517456054688,50,33,Medium
0.0,0,0.15328752994537354,1,0.0,6.2,0.0,0.008002758026123047,50,31,Medium
0.0,0,0.15119025111198425,1,0.0,1.2,0.2,0.031000137329101562,50,26,Medium
0.0,1,0.14924809336662292,1,0.0,0.0,0.0,0.15611982345581055,80,40,Low
0.0,0,0.1501351296901703,1,0.0,0.0,0.2,0.03192257881164551,40,20,High
0.0,1,0.1488167941570282,1,0.0,11.4,0.0,0.0024149417877197266,90,56,Low
0.0,0,0.1520986557006836,1,0.0,7.8,0.2,0.0010004043579101562,50,32,Medium
0.0,1,0.14811819791793823,1,0.0,10.6,0.2,0.0020084381103515625,90,55,Low
0.0,1,0.1488690972328186,1,0.0,0.0,0.0,0.09389686584472656,80,40,Low
0.0,1,0.14548245072364807,1,0.0,1.8,0.0,0.0040111541748046875,90,46,Low
0.0,1,0.14815422892570496,1,0.0,6.4,0.0,0.0029916763305664062,90,51,Low
0.0,1,0.14693841338157654,1,0.0,2.8,0.0,0.023517370223999023,90,47,Low
0.0,1,0.14937755465507507,1,0.0,0.0,0.2,0.07851862907409668,80,40,Low
0.0,1,0.14819562435150146,1,0.0,0.0,0.0,0.1642146110534668,80,40,Low
0.0,1,0.14812427759170532,1,0.0,4.8,0.0,0.0020029544830322266,90,49,Low
0.0,1,0.1480756402015686,1,0.0,13.4,0.0,0.0,90,58,Low
0.0,1,0.1489468216896057,1,0.0,10.4,0.0,0.010538578033447266,90,55,Low
0.0,1,0.14887642860412598,1,0.0,0.0,0.0,0.07300043106079102,80,40,Low
0.0,1,0.1470922827720642,1,0.0,0.0,0.0,0.21373724937438965,80,40,Low
0.0,1,0.14695978164672852,1,0.0,0.0,0.0,0.30605030059814453,80,40,Low
0.0,1,0.14703521132469177,1,0.0,0.0,0.0,0.4000558853149414,80,40,Low
1.0,1,0.14311110973358154,1,0.0,0.0,0.0,0.4825704097747803,65,32,Medium
0.0,1,0.14569780230522156,1,0.0,0.0,0.0,0.604280948638916,80,40,Low
0.0,1,0.14645710587501526,1,0.2,0.0,0.0,0.06319260597229004,80,40,Low
0.0,1,0.1452106535434723,1,0.0,0.0,0.0,0.15766358375549316,80,40,Low
0.0,1,0.1476370096206665,1,0.0,0.0,0.0,0.24969148635864258,80,40,Low
0.0,1,0.1499250829219818,1,0.0,0.0,0.0,0.37589383125305176,80,40,Low
0.0,1,0.14555490016937256,1,0.0,0.0,0.0,0.4681434631347656,80,40,Low
0.0,1,0.14604657888412476,1,0.4,0.0,0.0,0.009999513626098633,80,40,Low
0.0,1,0.14369410276412964,1,0.6,0.0,0.0,0.013003110885620117,80,41,Low
0.0,1,0.14124375581741333,1,0.8,0.0,0.0,0.009999513626098633,80,41,Low
0.0,1,0.1362704634666443,1,0.4,0.0,0.0,0.023055076599121094,80,40,Low
0.0,1,0.12935134768486023,1,0.6,0.0,0.0,0.02501821517944336,80,41,Low
0.0,1,0.11971548199653625,1,0.6,0.0,0.0,0.009998559951782227,80,41,Low
0.0,1,0.11281093955039978,1,0.8,0.0,0.0,0.00831747055053711,80,41,Low
0.0,1,0.10858365893363953,1,0.4,0.0,0.0,0.023067712783813477,80,40,Low
0.0,1,0.10419070720672607,1,0.2,0.0,0.0,0.08596277236938477,80,40,Low
0.0,1,0.101860910654068,1,0.0,0.0,0.0,0.1799306869506836,80,40,Low
0.0,1,0.10092377662658691,1,0.0,0.0,0.0,0.28789687156677246,80,40,Low
0.0,1,0.10167235136032104,1,0.0,0.0,0.0,0.38182735443115234,80,40,Low
0.0,1,0.10360568761825562,1,0.0,0.0,0.0,0.47834300994873047,80,40,Low
0.0,1,0.10816189646720886,1,0.0,0.0,0.0,0.5697968006134033,80,40,Low
0.0,1,0.1111641526222229,1,0.2,0.0,0.0,0.06084465980529785,80,40,Low
0.0,1,0.11631661653518677,1,0.0,0.0,0.0,0.1541440486907959,80,40,Low
0.0,1,0.12054803967475891,1,0.2,0.0,0.0,0.08583569526672363,80,40,Low
0.0,1,0.1253364384174347,1,0.2,0.0,0.0,0.05296611785888672,80,40,Low
0.0,1,0.12947040796279907,1,0.2,0.0,0.0,0.03604936599731445,80,40,Low
0.0,1,0.1317124366760254,1,0.2,0.0,0.0,0.001999378204345703,80,40,Low
0.0,1,0.1275995373725891,1,0.0,0.0,0.0,0.11153459548950195,80,40,Low
1.0,1,0.12989705801010132,1,0.2,0.0,0.0,0.07598543167114258,65,32,Medium
0.0,1,0.1271146535873413,1,0.2,0.0,0.0,0.05101585388183594,80,40,Low
0.0,1,0.12662535905838013,1,0.2,0.0,0.0,0.03030991554260254,80,40,Low
0.0,1,0.1256176233291626,1,0.2,0.0,0.0,0.014006853103637695,80,40,Low
0.0,1,0.12360340356826782,1,0.0,0.0,0.0,0.12422561645507812,80,40,Low
0.0,1,0.12071916460990906,1,0.2,0.0,0.0,0.0779726505279541,80,40,Low
0.0,1,0.11987355351448059,1,0.2,0.0,0.0,0.08436918258666992,80,40,Low
0.0,1,0.11763414740562439,1,0.2,0.0,0.0,0.04989171028137207,80,40,Low
0.0,1,0.11531540751457214,1,0.2,0.0,0.0,0.024477243423461914,80,40,Low
0.0,1,0.11545774340629578,1,0.0,0.0,0.0,0.11883902549743652,80,40,Low
0.0,1,0.1149493157863617,1,0.2,0.0,0.0,0.07001090049743652,80,40,Low
0.0,1,0.11272457242012024,1,0.2,0.0,0.0,0.08400440216064453,80,40,Low
0.0,1,0.11219197511672974,1,0.2,0.0,0.0,0.01848769187927246,80,40,Low
0.0,1,0.11336284875869751,1,0.0,0.0,0.0,0.1129763126373291,80,40,Low
0.0,1,0.11207422614097595,1,0.2,0.0,0.0,0.09124350547790527,80,40,Low
0.0,1,0.11557126045227051,1,0.2,0.0,0.0,0.06316518783569336,80,40,Low
1.0,1,0.11205130815505981,1,0.2,0.0,0.0,0.03251218795776367,65,32,Medium
1.0,1,0.11289674043655396,1,0.0,0.0,0.0,0.12557220458984375,65,32,Medium
1.0,1,0.11108368635177612,1,0.0,0.0,0.0,0.2343297004699707,65,32,Medium
1.0,1,0.11399713158607483,1,0.0,0.0,0.0,0.32682085037231445,65,32,Medium
0.0,1,0.11379319429397583,1,0.2,0.0,0.0,0.08500385284423828,80,40,Low
0.0,1,0.11652404069900513,1,0.0,0.0,0.0,0.1808454990386963,80,40,Low
0.0,1,0.11720263957977295,1,0.4,0.0,0.0,0.04926729202270508,80,40,Low
0.0,1,0.11707955598831177,1,0.2,0.0,0.0,0.06882786750793457,80,40,Low
0.0,1,0.11593127250671387,1,0.6,0.0,0.0,0.07263875007629395,80,41,Low
0.0,1,0.1174081563949585,1,0.0,0.0,0.0,0.19695258140563965,80,40,Low
1.0,1,0.11371880769729614,1,0.0,0.0,0.0,0.28986167907714844,65,32,Medium
0.0,1,0.11170607805252075,1,0.0,0.0,0.0,0.385465145111084,80,40,Low
1.0,1,0.11243152618408203,1,0.0,0.0,0.0,0.47897863388061523,65,32,Medium
0.0,1,0.1130182147026062,1,0.2,0.0,0.0,0.08600854873657227,80,40,Low
0.0,1,0.11359390616416931,1,0.2,0.0,0.0,0.05202960968017578,80,40,Low
0.0,1,0.11432027816772461,1,0.2,0.0,0.0,0.023479461669921875,80,40,Low
0.0,1,0.11499080061912537,1,0.0,0.0,0.0,0.10349178314208984,80,40,Low
0.0,1,0.11528703570365906,1,0.2,0.0,0.0,0.10801291465759277,80,40,Low
0.0,1,0.11558970808982849,1,0.2,0.0,0.0,0.08139657974243164,80,40,Low
0.0,1,0.11623084545135498,1,0.2,0.0,0.0,0.07856440544128418,80,40,Low
0.0,1,0.11560660600662231,1,0.2,0.0,0.0,0.03998899459838867,80,40,Low
0.0,1,0.11568531394004822,1,0.0,0.0,0.0,0.16444754600524902,80,40,Low
0.0,1,0.11358481645584106,1,0.0,0.0,0.0,0.2586252689361572,80,40,Low
0.0,1,0.11398273706436157,1,0.0,0.0,0.0,0.3365445137023926,80,40,Low
0.0,1,0.11360824108123779,1,0.0,0.0,0.0,0.4331340789794922,80,40,Low
0.0,1,0.11501011252403259,1,0.0,7.8,0.0,0.002996683120727539,90,52,Low
0.0,1,0.11463567614555359,1,0.0,4.8,0.0,0.0010051727294921875,90,49,Low
0.0,1,0.11715519428253174,1,0.0,11.6,0.0,0.0010008811950683594,90,56,Low
0.0,1,0.11521273851394653,1,0.0,11.2,0.0,0.004000186920166016,90,56,Low
0.0,1,0.11453601717948914,1,0.0,2.8,0.2,0.09034442901611328,90,47,Low
0.0,1,0.11314982175827026,1,0.0,0.0,0.2,0.0694131851196289,80,40,Low
0.0,1,0.11499884724617004,1,0.0,0.0,0.0,0.15692520141601562,80,40,Low
0.0,1,0.11612915992736816,1,0.0,0.4,0.0,0.0010044574737548828,80,40,Low
0.0,1,0.11515817046165466,1,0.0,27.0,0.0,0.000997781753540039,90,65,Low
0.0,1,0.11662480235099792,1,0.0,1.4,0.0,0.0505070686340332,90,46,Low
0.0,1,0.11556929349899292,1,0.0,12.0,0.0,0.0009999275207519531,90,57,Low
0.0,1,0.11598837375640869,1,0.0,14.0,0.0,0.0009922981262207031,90,59,Low
0.0,1,0.1164599359035492,1,0.0,21.4,0.0,0.0009961128234863281,90,65,Low
0.0,1,0.11442404985427856,1,0.0,29.4,0.0,0.02653670310974121,90,65,Low
0.0,1,0.11689555644989014,1,0.0,11.2,0.0,0.0009996891021728516,90,56,Low
0.0,1,0.11784464120864868,1,0.0,15.4,0.0,0.0009949207305908203,90,60,Low
0.0,1,0.11553949117660522,1,0.0,12.4,0.0,0.0029973983764648438,90,57,Low
0.0,1,0.11564105749130249,1,0.0,2.6,0.0,0.0009582042694091797,90,47,Low
0.0,1,0.11641067266464233,1,0.0,7.6,0.0,0.0,90,52,Low
0.0,1,0.11729544401168823,1,0.0,9.2,0.0,0.0,90,54,Low
0.0,1,0.11747753620147705,1,0.0,8.8,0.0,0.017966508865356445,90,53,Low
0.0,1,0.11685580015182495,1,0.0,0.0,0.0,0.11352872848510742,80,40,Low
0.0,1,0.11618942022323608,1,0.0,0.0,0.2,0.08467459678649902,80,40,Low
0.0,1,0.11386153101921082,1,0.0,6.4,0.0,0.0,90,51,Low
0.0,1,0.11507591605186462,1,0.0,18.6,0.0,0.000993490219116211,90,63,Low
0.0,1,0.11475157737731934,1,0.0,15.2,0.0,0.0020093917846679688,90,60,Low
0.0,1,0.11557140946388245,1,0.0,16.2,0.0,0.0010001659393310547,90,61,Low
0.0,1,0.11459112167358398,1,0.0,12.0,0.0,0.002995014190673828,90,57,Low
0.0,1,0.11441358923912048,1,0.0,9.4,0.0,0.001005411148071289,90,54,Low
0.0,1,0.11442545056343079,1,0.0,4.0,0.0,0.021000385284423828,90,49,Low
0.0,1,0.11427843570709229,1,0.0,0.0,0.0,0.12642216682434082,80,40,Low
0.0,1,0.11473572254180908,1,0.0,0.0,0.2,0.11148929595947266,80,40,Low
0.0,1,0.11634805798530579,1,0.0,5.2,0.0,0.001005411148071289,90,50,Low
0.0,1,0.11661723256111145,1,0.0,12.8,0.0,0.0020017623901367188,90,57,Low
0.0,1,0.11618068814277649,1,0.0,11.0,0.0,0.0010001659393310547,90,56,Low
0.0,1,0.11669817566871643,1,0.0,10.0,0.0,0.0009980201721191406,90,55,Low
0.0,1,0.11380678415298462,1,0.0,7.8,0.0,0.010224342346191406,90,52,Low
0.0,1,0.11446532607078552,1,0.0,8.2,0.0,0.0009989738464355469,90,53,Low
0.0,1,0.11486876010894775,1,0.0,16.8,0.0,0.0010008811950683594,90,61,Low
0.0,1,0.11397427320480347,1,0.0,11.6,0.0,0.0,90,56,Low
0.0,1,0.1153387725353241,1,0.0,17.6,0.0,0.0019943714141845703,90,62,Low
0.0,1,0.11578899621963501,1,0.0,15.8,0.0,0.0009999275207519531,90,60,Low
0.0,1,0.114798903465271,1,0.0,13.0,0.0,0.0019903182983398438,90,58,Low
0.0,1,0.11444145441055298,1,0.0,1.8,0.0,0.07700395584106445,90,46,Low
0.0,1,0.1158069372177124,1,0.0,1.4,0.0,0.0009961128234863281,90,46,Low
0.0,1,0.11524263024330139,1,0.0,20.0,0.0,0.0,90,65,Low
0.0,1,0.1162283718585968,1,0.0,3.0,0.0,0.05553483963012695,90,48,Low
0.0,1,0.11569467186927795,1,0.0,15.0,0.0,0.0,90,60,Low
0.0,1,0.11496460437774658,1,0.0,10.0,0.0,0.00702667236328125,90,55,Low
0.0,1,0.11509251594543457,1,0.0,0.0,0.0,0.10013651847839355,80,40,Low
0.0,1,0.11414805054664612,1,0.0,0.0,0.2,0.13900351524353027,80,40,Low
0.0,1,0.11347705125808716,1,0.0,0.0,0.0,0.21300816535949707,80,40,Low
0.0,1,0.1126372218132019,1,0.0,0.0,0.0,0.3060312271118164,80,40,Low
0.0,1,0.11386817693710327,1,0.0,0.2,0.0,0.0010459423065185547,80,40,Low
0.0,1,0.11625510454177856,1,0.0,17.4,0.0,0.0,90,62,Low
0.0,1,0.11778390407562256,1,0.0,15.8,0.0,0.0019881725311279297,90,60,Low
0.0,1,0.11810910701751709,1,0.0,15.2,0.0,0.003008127212524414,90,60,Low
0.0,1,0.11665058135986328,1,0.0,12.2,0.0,0.0010004043579101562,90,57,Low
0.0,1,0.11706182360649109,1,0.0,10.4,0.0,0.028094768524169922,90,55,Low
0.0,1,0.11572706699371338,1,0.0,0.6,0.0,0.014938116073608398,80,40,Low
0.0,1,0.11633461713790894,1,0.0,0.0,0.0,0.10890936851501465,80,40,Low
0.0,1,0.11628559231758118,1,0.0,0.0,0.0,0.18955135345458984,80,40,Low
0.0,1,0.1161857545375824,1,0.0,0.0,0.0,0.3260653018951416,80,40,Low
0.0,1,0.11596077680587769,1,0.0,0.0,0.0,0.423032283782959,80,40,Low
0.0,1,0.11625313758850098,1,0.0,0.8,0.0,0.04728841781616211,80,40,Low
0.0,1,0.11648458242416382,1,0.0,0.0,0.0,0.13868308067321777,80,40,Low
0.0,1,0.11595582962036133,1,0.0,0.0,0.0,0.26496315002441406,80,40,Low
0.0,1,0.1170017421245575,1,0.0,0.0,0.0,0.3595130443572998,80,40,Low
0.0,1,0.11591139435768127,1,0.0,1.4,0.0,0.0020024776458740234,90,46,Low
0.0,1,0.11623409390449524,1,0.0,10.4,0.0,0.0010001659393310547,90,55,Low
0.0,1,0.11550623178482056,1,0.0,12.4,0.0,0.0015060901641845703,90,57,Low
0.0,1,0.11477804183959961,1,0.0,4.6,0.0,0.0049953460693359375,90,49,Low
0.0,1,0.11615270376205444,1,0.0,0.4,0.0,0.0697174072265625,80,40,Low
0.0,1,0.11640045046806335,1,0.0,0.0,0.0,0.16434073448181152,80,40,Low
0.0,1,0.11601880192756653,1,0.0,0.0,0.0,0.28697824478149414,80,40,Low
0.0,1,0.11632657051086426,1,0.0,0.0,0.0,0.3801860809326172,80,40,Low
0.0,1,0.1164107620716095,1,0.0,0.0,0.0,0.4703352451324463,80,40,Low
0.0,1,0.11582988500595093,1,0.0,0.0,0.0,0.5641360282897949,80,40,Low
0.0,1,0.11541420221328735,1,0.0,0.0,0.0,0.6901144981384277,80,40,Low
0.0,1,0.11667591333389282,1,0.0,0.0,0.0,0.7668554782867432,80,40,Low
0.0,1,0.11565941572189331,1,0.0,0.0,0.0,0.8628885746002197,80,40,Low
0.0,1,0.11707356572151184,1,0.0,0.0,0.0,0.9720437526702881,80,40,Low
0.0,1,0.11678066849708557,1,0.0,0.0,0.0,1.0695860385894775,80,40,Low
0.0,1,0.11465954780578613,1,0.0,0.0,0.0,1.1743817329406738,80,40,Low
0.0,1,0.1159358024597168,1,0.0,8.2,0.0,0.001001596450805664,90,53,Low
0.0,1,0.11658644676208496,1,0.0,15.4,0.0,0.0,90,60,Low
0.0,1,0.11665579676628113,1,0.0,7.4,0.0,0.0009989738464355469,90,52,Low
0.0,1,0.11653909087181091,1,0.0,13.2,0.0,0.0039920806884765625,90,58,Low
0.0,1,0.1170254647731781,1,0.0,1.6,0.0,0.06203198432922363,90,46,Low
0.0,1,0.11774927377700806,1,0.0,0.0,0.0,0.15701079368591309,80,40,Low
0.0,1,0.11755472421646118,1,0.0,0.2,0.0,0.08110904693603516,80,40,Low
0.0,1,0.11677482724189758,1,0.0,0.0,0.0,0.17387962341308594,80,40,Low
0.0,1,0.11602753400802612,1,0.0,0.0,0.0,0.26671266555786133,80,40,Low
0.0,1,0.11567467451095581,1,0.0,0.0,0.0,0.3792457580566406,80,40,Low
0.0,1,0.11724197864532471,1,0.0,0.0,0.0,0.465468168258667,80,40,Low
0.0,1,0.11601486802101135,1,0.0,0.0,0.0,0.559899091720581,80,40,Low
0.0,1,0.11716791987419128,1,0.0,0.0,0.0,0.6683027744293213,80,40,Low
0.0,1,0.11698469519615173,1,0.0,6.0,0.0,0.0030384063720703125,90,51,Low
0.0,1,0.1184135377407074,1,0.0,5.8,0.0,0.03699302673339844,90,50,Low
0.0,1,0.11663421988487244,1,0.0,3.4,0.0,0.009001970291137695,90,48,Low
0.0,1,0.11787059903144836,1,0.0,0.0,0.0,0.11873364448547363,80,40,Low
0.0,1,0.11870574951171875,1,0.0,0.0,0.0,0.21631312370300293,80,40,Low
0.0,1,0.11533898115158081,1,0.0,0.0,0.0,0.31954193115234375,80,40,Low
0.0,1,0.11697936058044434,1,0.0,0.0,0.0,0.41544342041015625,80,40,Low
0.0,1,0.1160300076007843,1,0.0,0.0,0.0,0.5253541469573975,80,40,Low
0.0,1,0.11635848879814148,1,0.0,0.0,0.0,0.617865800857544,80,40,Low
0.0,1,0.11743807792663574,1,0.0,0.0,0.0,0.7123501300811768,80,40,Low
0.0,1,0.1162702739238739,1,0.0,3.4,0.0,0.0,90,48,Low
0.0,1,0.11739245057106018,1,0.0,3.6,0.0,0.0,90,48,Low
0.0,1,0.11885040998458862,1,0.0,2.8,0.0,0.03936886787414551,90,47,Low
0.0,1,0.11575865745544434,1,0.0,0.0,0.0,0.13421249389648438,80,40,Low
0.0,1,0.11692681908607483,1,0.0,0.0,0.0,0.2420823574066162,80,40,Low
0.0,1,0.11637699604034424,1,0.0,0.0,0.0,0.33521556854248047,80,40,Low
0.0,1,0.1176583468914032,1,0.0,0.6,0.0,0.03600358963012695,80,40,Low
0.0,1,0.11546653509140015,1,0.0,0.0,0.0,0.14542651176452637,80,40,Low
0.0,1,0.11709511280059814,1,0.0,0.0,0.0,0.2523214817047119,80,40,Low
0.0,1,0.11714440584182739,1,0.0,0.0,0.0,0.34673380851745605,80,40,Low
0.0,1,0.11556392908096313,1,0.0,0.0,0.0,0.4417994022369385,80,40,Low
0.0,1,0.11657553911209106,1,0.0,0.0,0.0,0.5538792610168457,80,40,Low
0.0,1,0.11677268147468567,1,0.0,0.0,0.0,0.6476223468780518,80,40,Low
0.0,1,0.11666250228881836,1,0.0,0.0,0.0,0.7431037425994873,80,40,Low
0.0,1,0.11839067935943604,1,0.0,1.4,0.0,0.010000228881835938,90,46,Low
0.0,1,0.11827066540718079,1,0.0,0.0,0.0,0.1450033187866211,80,40,Low
0.0,1,0.11678534746170044,1,0.0,0.0,0.0,0.23852753639221191,80,40,Low
0.0,1,0.11572560667991638,1,0.0,0.0,0.0,0.3326833248138428,80,40,Low
0.0,1,0.11729544401168823,1,0.0,0.0,0.0,0.39826393127441406,80,40,Low
0.0,1,0.11778688430786133,1,0.0,0.0,0.0,0.5332698822021484,80,40,Low
0.0,1,0.11887255311012268,1,0.0,0.0,0.0,0.6274495124816895,80,40,Low
0.0,1,0.11766713857650757,1,0.0,0.0,0.0,0.7359480857849121,80,40,Low
0.0,1,0.11810597777366638,1,0.0,0.0,0.0,0.8162920475006104,80,40,Low
0.0,1,0.11497753858566284,1,0.0,0.0,0.0,0.9385676383972168,80,40,Low
0.0,1,0.1175229549407959,1,0.0,0.0,0.0,1.0329136848449707,80,40,Low
0.0,1,0.1163390576839447,1,0.0,0.0,0.0,1.095400333404541,80,40,Low
0.0,1,0.11923027038574219,1,0.0,0.0,0.0,1.2040235996246338,80,40,Low
0.0,1,0.1178533136844635,1,0.0,0.0,0.0,1.345937728881836,80,40,Low
0.0,1,0.11650329828262329,1,0.0,0.0,0.0,1.4389431476593018,80,40,Low
0.0,1,0.11666420102119446,1,0.0,0.0,0.0,1.5187768936157227,80,40,Low
0.0,1,0.11641189455986023,1,0.0,0.0,0.0,1.6109657287597656,80,40,Low
0.0,1,0.11661636829376221,1,0.0,0.0,0.0,1.7329347133636475,80,40,Low
0.0,1,0.11577284336090088,1,0.0,2.8,0.0,0.004006385803222656,90,47,Low
0.0,1,0.11597824096679688,1,0.0,1.0,0.0,0.060307979583740234,90,46,Low
0.0,1,0.11620134115219116,1,0.0,0.2,0.0,0.001004934310913086,80,40,Low
0.0,1,0.11758813261985779,1,0.0,20.0,0.0,0.0009982585906982422,90,65,Low
0.0,1,0.11680257320404053,1,0.0,9.6,0.0,0.0010044574737548828,90,54,Low
0.0,1,0.11682680249214172,1,0.0,19.2,0.0,0.0010056495666503906,90,64,Low
0.0,1,0.11574289202690125,1,0.0,13.6,0.0,0.0009834766387939453,90,58,Low
0.0,1,0.11802464723587036,1,0.0,17.2,0.0,0.0010025501251220703,90,62,Low
0.0,1,0.11641126871109009,1,0.0,16.0,0.0,0.001997709274291992,90,61,Low
0.0,1,0.11536690592765808,1,0.0,14.8,0.0,0.0019969940185546875,90,59,Low
0.0,1,0.11660400032997131,1,0.0,15.8,0.0,0.0,90,60,Low
0.0,1,0.11699265241622925,1,0.0,17.4,0.0,0.0,90,62,Low
0.0,1,0.11653876304626465,1,0.0,3.2,0.0,0.05562400817871094,90,48,Low
0.0,1,0.1178622841835022,1,0.0,0.0,0.0,0.1504807472229004,80,40,Low
0.0,1,0.11713570356369019,1,0.0,0.0,0.2,0.07190871238708496,80,40,Low
